rental_id,temperature_c,humidity_pct,wind_speed_mps,distance_km,ride_duration_min,bike_age_months,late_return,avg_speed_kmh,speed_outlier,bad_weather,station_zone_공원,station_zone_대학가,station_zone_도심,station_zone_주거,member_type_미상,member_type_연회원,member_type_월회원,member_type_일일권,weather_맑음,weather_미상,weather_비,weather_흐림
R0001,1.4082966094578726,0.9612112878990348,1.7086567397594241,-0.027365182141488215,-0.1623210103757559,0.522602249999374,0,0.017768092250578883,0,1,True,False,False,False,False,False,False,True,False,False,True,False
R0002,0.07300031082691225,0.8005989389464242,0.9890341248846158,-0.5831870235946566,-0.496396092661236,0.9852855727923309,0,-0.24979877705500572,0,0,False,False,True,False,False,False,True,False,False,False,False,True
R0003,-0.057272498795620595,-0.42407022181722753,-1.6016072886646944,-0.5549931620716697,-0.4700217440597508,0.8002122436751481,0,-0.23421710373440519,0,0,True,False,False,False,False,False,False,True,True,False,False,False
R0004,0.9360576745761917,0.9812878315181108,-0.8819846737898859,0.5002627977886933,0.22889849387960887,-0.12515440191076557,0,0.08247933926890266,0,0,True,False,False,False,False,True,False,False,False,False,False,True
R0005,-1.6042621130631967,-1.093288342453103,-1.7455318116396559,-0.23277760180896354,-0.2106739828118123,1.8181155538196532,0,-0.10314931247347252,0,0,True,False,False,False,False,False,True,False,True,False,False,False
R0006,0.9686258769818248,1.8311948447256727,2.2843548316592717,0.11561797272508767,0.41791465885692,-0.21769106646935696,1,-0.17123664333671626,0,1,False,False,False,True,False,False,True,False,False,False,True,False
R0007,0.5452392457085932,0.01761373780245033,0.7011850789346928,-0.3133314918746401,-0.3073799276839249,0.4300655854407826,0,-0.10520408523058407,0,0,False,False,True,False,False,False,True,False,True,False,False,False
R0008,-1.4902734046434807,1.570199777677681,1.4208076938095013,-0.13812678098179354,-0.24583978094712602,0.2449922563235999,1,-0.003459819974156839,0,1,False,True,False,False,False,False,False,True,False,False,True,False
R0009,-1.5391257082519303,1.3694343414869183,0.6292228174472115,-0.14215447548507737,0.1585668976089814,0.2449922563235999,0,-0.21179851488687268,0,1,False,False,False,True,False,True,False,False,False,False,True,False
R0010,0.007863906015645536,0.04438246262788525,-1.24179598122729,-0.26097146333195026,-0.39969014778912343,-0.032617737352174214,0,0.02462366129000055,0,0,False,True,False,False,False,True,False,False,False,False,False,True
R0011,-1.701966720280096,-1.3342068658820176,1.4927699552969818,-0.3717330621722556,-0.1623210103757559,-0.7729110538209052,0,-0.23262657499509515,0,0,False,False,False,True,False,False,True,False,True,False,False,False
R0012,0.3172618288691611,1.911501019201978,-0.9539469352773667,-0.526799300548683,-0.5491447898642066,-0.21769106646935696,0,-0.13105222555386767,0,0,False,False,False,True,False,False,True,False,False,False,False,True
R0013,1.4734330142691388,-1.0732117988340264,0.05352472554736497,-0.3596499786624041,-0.4612302945259223,0.4300655854407826,0,-0.0162581827810219,0,0,False,True,False,False,False,True,False,False,True,False,False,False
R0014,0.8220689661564751,-0.37722495337271605,-0.8819846737898859,-0.18041757326627372,-0.017262093067587043,1.077822237350922,0,-0.16743530137910212,0,0,True,False,False,False,False,False,False,True,False,False,False,True
R0015,0.6103756505198599,-0.8189089129923939,-0.6660978893274434,-0.2831237831000114,-0.1623210103757559,0.8002122436751481,0,-0.1681975378090738,0,0,True,False,False,False,False,True,False,False,True,False,False,False
R0016,-0.5457955348801183,0.4392211538030521,0.05352472554736497,0.12770105623493908,-0.03484499213524383,-0.5878377247037224,0,0.03413415740470242,0,0,False,False,False,True,False,False,False,True,True,False,False,False
R0017,-0.040988397592803774,-1.8026595503271305,-0.8819846737898859,-0.0394482656513398,-0.17990390944341283,-0.3102277310279483,0,0.022016160636470272,0,0,False,False,False,True,False,False,False,True,True,False,False,False
R0018,-1.2460118866012317,-0.4173780406108687,-0.6660978893274434,-0.49256389727077043,-0.4568345697590081,-0.032617737352174214,0,-0.17208592126033098,0,0,False,False,False,True,False,True,False,False,True,False,False,False
R0019,1.0826145854015408,-1.1602101545166905,-0.5941356278399625,10.988379284339782,-0.496396092661236,0.522602249999374,1,13.977250823520086,1,0,False,False,False,True,False,False,False,True,True,False,False,False
R0020,-0.3829545228519524,1.8445792071383904,2.1404303086843095,0.03305023540776917,0.2596685672480083,0.05991892720641715,1,-0.15813439515381017,0,1,True,False,False,False,False,False,True,False,False,False,True,False
R0021,-1.001750368558983,-0.1229220675310836,-2.10534311907706,0.1679780012677774,0.03988232890229774,-0.8654477183794965,0,0.012314850858658561,0,0,False,True,False,False,False,False,True,False,True,False,False,False
R0022,-1.0180344697617991,-0.6783731076588599,-0.23432432040255835,0.4277642967295843,0.4223103836238341,-0.49530106014513103,0,-0.04019325375596802,0,0,False,True,False,False,False,True,False,False,True,False,False,False
R0023,0.9523417757790079,-0.07607679908657212,0.05352472554736497,-0.45228695223793214,-0.4480431202251797,-0.6803743892623138,0,-0.13387733693387527,0,0,False,True,False,False,False,False,True,False,True,False,False,False
R0024,0.7080802577367591,-0.20322824200738837,-0.16236205891507743,0.5224151175567542,0.49264197989446157,0.6151389145579653,0,-0.027957291603082638,0,0,False,True,False,False,False,False,False,True,True,False,False,False
R0025,-1.1808754817899654,1.6839668581857798,0.2694115100098077,-0.41603770170837767,-0.34254572581923864,0.2449922563235999,0,-0.1745798499566545,0,1,False,False,True,False,False,True,False,False,False,False,True,False
R0026,-0.12240890360688672,0.4392211538030521,-1.9614185961020985,-0.0636144326710427,-0.1623210103757559,-1.698277699406819,0,-0.008589241143702641,0,0,False,False,False,True,False,False,True,False,True,False,False,False
R0027,1.6362740262973046,4.902906018444341,-0.5221733663524817,1.18094316884366,1.2574980893375343,0.522602249999374,0,-0.04308507008179796,0,0,False,False,True,False,False,False,False,True,False,False,False,True
R0028,1.3920125082550558,1.04151746237534,-0.16236205891507743,1.321912476458594,8.910454908535176,-0.21769106646935696,0,-0.4532042647891048,0,0,False,False,True,False,False,False,False,True,False,False,False,True
R0029,-1.6368303154688297,-0.6716809264525011,0.1974492485223268,-0.19048680952448335,-0.25023550571404013,-1.0505210474966793,0,-0.04262089851824684,0,0,False,False,False,True,False,False,False,True,True,False,False,False
R0030,0.8220689661564751,0.09791991227875509,-0.01843753594011562,0.21228264080389944,0.11021392517292519,-0.3102277310279483,0,-0.0019999077951323003,0,0,False,False,True,False,False,False,True,False,False,False,False,True
R0031,-2.6301604888406422,0.33214625450131147,-0.5941356278399625,-0.05958673816775887,0.05746522796995468,-1.3281310411724534,0,-0.12820239396266642,0,0,False,True,False,False,False,False,False,True,False,False,False,True
R0032,0.33354593007197736,0.7805223953273481,-0.5221733663524817,1.348092490729939,1.1651878692323359,0.2449922563235999,0,0.026517862762614898,0,0,True,False,False,False,False,False,False,True,False,False,False,True
R0033,-0.4643750288660354,-0.27684223527733476,-0.5941356278399625,-0.3374976588943431,-0.31177565245083916,-0.21769106646935696,0,-0.12355576772533823,0,0,False,False,True,False,False,False,True,False,True,False,False,False
R0034,2.0108083539620867,1.0950549120262099,-0.6660978893274434,-0.2770822413450856,-0.25023550571404013,-1.0505210474966793,0,-0.11317175276438576,0,0,False,False,True,False,False,False,True,False,False,False,False,True
R0035,0.17070491804381144,0.36560716053310527,-0.01843753594011562,-0.5288131478003248,-0.43046022115752286,-0.21769106646935696,0,-0.2310802781026306,0,0,True,False,False,False,False,True,False,False,True,False,False,False
R0036,0.39868233488324406,-0.7319105573097299,-1.0978714582523283,-0.7080455531964552,-0.8040968263452308,0.9852855727923309,0,-0.08700230799169005,0,0,False,True,False,False,False,True,False,False,True,False,False,False
R0037,0.5615233469114099,-1.360975590707453,-0.23432432040255835,-0.03743441839969793,-0.07001079027055755,-0.9579843829380879,0,-0.04986541944634155,0,0,False,True,False,False,False,False,True,False,True,False,False,False
R0038,-0.6272160408942012,-0.9460603559132101,0.6292228174472115,0.34318271216062396,0.2772514663156653,-1.513204370289636,0,-0.017436457947377592,0,0,False,False,False,True,False,False,True,False,True,False,False,False
R0039,-0.3829545228519524,-0.3303796849282046,1.1329586478595777,-0.40999615995345196,-0.32935855151849597,-0.12515440191076557,0,-0.17735928357600492,0,0,False,False,True,False,False,False,False,True,True,False,False,False
R0040,0.33354593007197736,3.7518508509506354,0.1974492485223268,0.27068421110151497,0.09263102610526824,0.15245559176500853,0,0.039912573176102195,0,0,True,False,False,False,False,False,True,False,True,False,False,False
R0041,-0.02470429638998753,0.5195273282793573,-0.23432432040255835,0.08138256944717515,0.0530695032030404,2.003188882936836,0,-0.04513433815492262,0,0,False,True,False,False,False,False,False,True,True,False,False,False
R0042,0.13813671563817836,-1.1334414296912552,-1.1698337197398092,-0.3536084369074783,-0.5271661660296355,-0.032617737352174214,0,0.07436385505674628,0,0,False,False,False,True,False,False,True,False,True,False,False,False
R0043,-0.5457955348801183,-0.651604382833425,-1.4576827656897329,1.0943477370230579,0.8486956860145127,-0.8654477183794965,0,0.04970101540134282,0,0,False,False,False,True,False,False,True,False,True,False,False,False
R0044,-0.4318068264604023,0.17153390554870196,0.1974492485223268,-0.2408329908155312,-0.20627825804489802,0.4300655854407826,0,-0.11207172623147824,0,0,False,False,False,True,False,False,True,False,True,False,False,False
R0045,-2.027648744336428,0.33214625450131147,-0.30628658189003927,-0.3838161456821071,-0.1930910837441555,-1.6057410348482275,0,-0.22801281458715755,0,0,False,False,True,False,False,False,True,False,False,False,False,True
R0046,-1.115739076978699,0.01761373780245033,0.12548698703484587,-0.1643067952531384,-0.004074918766844377,0.6151389145579653,0,-0.1632505908506876,0,0,False,False,False,True,False,False,False,True,False,False,False,True
R0047,1.7176945323113875,0.5797569591365855,0.12548698703484587,-0.5892285653495822,-0.5271661660296355,2.465872205729793,0,-0.23501494177515947,0,0,False,False,False,True,False,False,False,True,False,False,False,True
R0048,0.7732166625480258,-0.07607679908657212,1.4208076938095013,-0.4301346324698711,-0.08759368933821433,-0.032617737352174214,0,-0.3009652111684456,0,0,False,False,False,True,False,False,True,False,True,False,False,False
R0049,-0.5295114336773015,-0.4575311278490213,-0.23432432040255835,0.09346565295702655,0.0530695032030404,0.8927489082337394,0,-0.038180488493452666,0,0,False,False,True,False,False,False,True,False,True,False,False,False
R0050,-0.057272498795620595,-0.544529483531685,-1.6735695501521752,-0.12201600296865821,-0.07880223980438594,-1.235594376613862,0,-0.1004541909496251,0,0,False,False,True,False,False,True,False,False,False,True,False,False
R0051,1.1640350914156237,-0.651604382833425,0.7011850789346928,-0.619436274124211,-0.43046022115752286,-0.5878377247037224,0,-0.32912955832935764,0,0,False,False,True,False,False,False,False,True,True,False,False,False
R0052,-0.5457955348801183,-0.5913747519761964,0.7011850789346928,-0.19652835127940904,-0.4524388449920939,1.077822237350922,0,0.15812089257512751,0,0,False,False,False,True,False,False,True,False,False,False,False,True
R0053,0.5615233469114099,0.8407520261845773,-0.45021110486500077,-0.3133314918746401,-0.2722141295486112,-1.7908143639654102,0,-0.1289980530163364,0,0,False,True,False,False,False,False,True,False,False,False,False,True
R0054,0.7732166625480258,-0.07607679908657212,-0.8100224123024049,-0.5127023697871895,-0.6282678356686624,0.4300655854407826,0,-0.005294574469417471,0,0,False,False,True,False,False,True,False,False,False,False,False,True
R0055,-0.4155227252575855,-0.3370718661345634,1.060996386372097,-0.47041157750270934,-0.535957615563464,1.077822237350922,0,-0.06900233699297158,0,0,False,False,True,False,False,False,True,False,True,False,False,False
R0056,-1.0668867733702492,1.1619767240897974,2.7161284005841564,0.19214416828748038,0.29483436538332203,0.7076755791165568,0,-0.09568962448687415,0,0,False,False,False,True,False,False,True,False,False,False,False,True
R0057,-2.6301604888406422,1.7642730326620852,1.34884543232202,-0.45027310498629025,-0.4084815973229518,-1.3281310411724534,0,-0.16294859876559722,0,1,True,False,False,False,False,False,True,False,False,False,True,False
R0058,-0.057272498795620595,0.12468863710419048,-0.16236205891507743,0.29283653086957606,0.3036258149171504,-0.7729110538209052,0,-0.05239777701364988,0,1,False,True,False,False,False,False,False,True,False,False,True,False
R0059,-0.31781811804068627,-1.093288342453103,-2.177305380564541,-0.4482592577346483,-0.3601286248868955,0.15245559176500853,0,-0.1938694559141422,0,0,False,False,False,True,False,False,True,False,True,False,False,False
R0060,0.4638187396945102,-1.6353550201681617,-0.8100224123024049,-0.5791593290913727,-0.5711234136987776,-0.5878377247037224,0,-0.18284050080589673,0,0,False,False,False,True,False,False,True,False,True,False,False,False
R0061,0.18698901924662825,-0.4575311278490213,-0.9539469352773667,-0.2227083655507539,-0.3557329001199813,-0.49530106014513103,0,0.0182011939730201,0,0,False,False,False,True,False,False,True,False,True,False,False,False
R0062,0.8872053709677418,-0.04930807426113721,-1.9614185961020985,0.572761298847802,0.5234120532628611,-0.4027643955865397,0,-0.01943017164310505,0,0,False,False,True,False,False,False,False,True,True,False,False,False
R0063,1.8968196455423703,-0.5779903895634787,-1.7455318116396559,-0.49256389727077043,-0.3249628267515818,-0.49530106014513103,0,-0.2550332566278176,0,0,False,True,False,False,False,False,True,False,True,False,False,False
R0065,-1.2948641902096814,0.3589149793267469,0.7731473404221734,-0.36770536766897177,-0.01286636830067277,0.6151389145579653,0,-0.2844626640038486,0,0,False,False,True,False,False,False,True,False,False,False,False,True
R0066,1.6688422287029383,-1.688892469819032,-1.0259091967648475,-0.3254145753844916,-0.16671673514267019,-0.49530106014513103,0,-0.19686608482231327,0,0,False,False,False,True,False,False,False,True,True,False,False,False
R0067,-1.229727785398415,-0.05600025546749606,-0.45021110486500077,-0.48249466101256083,-0.4084815973229518,-0.5878377247037224,0,-0.19646972021063208,0,0,False,False,False,True,False,False,True,False,False,False,False,True
R0068,-0.3829545228519524,-0.24338132924554098,-1.0978714582523283,-0.3314561171394173,-0.3161713772177534,0.2449922563235999,0,-0.11509497796099227,0,0,True,False,False,False,False,False,False,True,True,False,False,False
R0069,0.366114132477611,-0.4976842150871734,-1.7455318116396559,0.018953304646275714,0.07504812703761146,0.05991892720641715,0,-0.09154162652070517,0,0,False,False,False,True,False,True,False,False,True,False,False,False
R0070,-0.08984070120125366,0.5730647779302271,-0.30628658189003927,-0.5066608280322639,-0.4216687716236945,0.6151389145579653,0,-0.2130488181694214,0,0,False,True,False,False,False,False,False,True,False,False,False,True
R0071,-0.6760683445026512,0.5329116906920741,-1.0259091967648475,-0.05958673816775887,-0.15792528560884178,0.4300655854407826,0,-0.008753680835110744,0,0,True,False,False,False,False,False,True,False,False,False,False,True
R0072,1.4408648118635057,-1.3141303222629417,1.34884543232202,0.7781737185152772,0.7871555392777139,2.373335541171201,0,-0.0345968918395526,0,0,False,False,True,False,False,False,True,False,True,False,False,False
R0073,-0.4318068264604023,-1.2873615974375068,-1.24179598122729,-0.5549931620716697,-0.8040968263452308,0.05991892720641715,0,0.43048000431603617,0,0,False,False,True,False,False,False,False,True,True,False,False,False
R0074,2.1899334671930686,-0.29022659769005243,-1.24179598122729,-0.5570070093233117,-0.3161713772177534,0.6151389145579653,0,-0.3171096833582224,0,0,False,False,True,False,False,False,True,False,True,False,False,False
R0075,-0.1712612072153366,-0.07607679908657212,0.7011850789346928,0.1800610847776288,0.07944385180452573,0.8002122436751481,0,-0.0031755979776573384,0,0,True,False,False,False,False,True,False,False,True,False,False,False
R0076,-1.2460118866012317,0.9344425630735993,1.2049209093470588,-0.12402985022030018,-0.07440651503747167,-1.235594376613862,0,-0.10412391234627633,0,1,False,False,True,False,False,True,False,False,False,False,True,False
R0077,1.7014104311085707,-0.43745458422994477,-0.45021110486500077,-0.2065975875376186,-0.11396803793969966,-0.4027643955865397,0,-0.13888187991086556,0,0,False,False,True,False,False,False,True,False,True,False,False,False
R0078,1.147750990212807,0.2585322612313656,-2.177305380564541,0.049161013420904495,0.3343958882855499,0.8002122436751481,0,-0.1750635692878516,0,0,False,False,True,False,False,False,False,True,False,False,False,True
R0079,-0.806341154125184,0.8072911201527836,-1.6016072886646944,0.5063043395436189,0.46187190652606197,0.7076755791165568,0,-0.02273220052599997,0,0,False,False,True,False,False,False,False,True,False,False,False,True
R0080,0.5126710433029601,0.3120697108822354,-0.5941356278399625,-0.4140238544567358,-0.5623319641649492,-1.3281310411724534,0,0.043801739094404164,0,0,False,False,False,True,False,False,True,False,False,False,False,True
R0081,0.17070491804381144,-1.2405163289929952,-1.3857205042022518,-0.3596499786624041,-0.5007918174281503,1.262895566468105,0,0.030624345083569295,0,0,False,False,True,False,False,False,False,True,True,False,False,False
R0082,0.21955722165226133,-0.04930807426113721,0.12548698703484587,-0.4422177159797226,-0.47441746882666497,0.7076755791165568,0,-0.09854796598940253,0,0,False,True,False,False,False,False,False,True,False,False,False,True
R0083,-1.7996713274969958,1.5032779656140933,-0.09039979742759652,1.184970863346944,1.231123740736049,-0.3102277310279483,1,-0.035549177587753854,0,1,False,False,True,False,False,False,False,True,False,False,True,False
R0084,-0.4318068264604023,0.5061429658666396,0.05352472554736497,-0.01125440412835289,0.04427805366921201,-1.513204370289636,0,-0.09427885507575506,0,0,True,False,False,False,False,False,True,False,False,False,False,True
R0085,1.1314668890099906,-0.6649887452461423,1.1329586478595777,-0.12402985022030018,-0.3249628267515818,0.522602249999374,0,0.07947491416806321,0,0,True,False,False,False,False,True,False,False,True,False,False,False
R0086,0.12185261443536213,-0.651604382833425,0.2694115100098077,-0.047503654657907464,-0.01286636830067277,-0.4027643955865397,0,-0.0876213059729193,0,0,False,True,False,False,False,True,False,False,False,False,False,True
R0087,1.3920125082550558,-1.407820859151964,-1.0259091967648475,0.06929948593732356,-0.12715521224044232,-1.698277699406819,0,0.06033835580835305,0,0,False,True,False,False,False,False,False,True,True,False,False,False
R0088,-0.4318068264604023,-0.5512216647380438,-0.01843753594011562,-0.06965597442596849,0.013507980300812563,-0.9579843829380879,0,-0.11405744984382898,0,0,True,False,False,False,False,False,True,False,True,False,False,False
R0089,-2.25562616117586,-0.35045622854728115,0.8451096019096547,-0.128057544723584,-0.38210724872146656,-0.8654477183794965,0,0.13889554351106345,0,0,True,False,False,False,False,False,True,False,True,False,False,False
R0090,0.056716209624095425,-1.7491221006762605,0.7011850789346928,0.8486583723227444,0.6816581448717726,-1.975887693082593,0,0.025507944120328224,0,0,False,False,False,True,False,False,True,False,True,False,False,False
R0091,-0.10612480240407049,0.5262195094857157,-0.09039979742759652,-0.21666682379582822,-0.10517658840587127,0.2449922563235999,0,-0.15019920238684809,0,0,True,False,False,False,False,False,False,True,False,False,False,True
R0092,0.3498300312747942,-0.5980669331825548,-0.23432432040255835,0.7580352459988582,0.6069308238342311,1.3554322310266962,0,0.020262669049206535,0,0,False,True,False,False,False,False,False,True,True,False,False,False
R0093,-1.034318570964616,1.5099701468204527,0.6292228174472115,-0.043475960154623544,-0.008470643533758496,0.4300655854407826,0,-0.08740283609719134,0,1,False,False,False,True,False,False,False,True,False,False,True,False
R0094,-1.392568797426581,-0.3303796849282046,-1.0978714582523283,-0.22069451829911205,-0.39969014778912343,0.8002122436751481,0,0.06589019337195634,0,0,False,False,False,True,False,False,False,True,True,False,False,False
R0095,0.13813671563817836,0.6466787712001731,-0.01843753594011562,-0.20458374028597673,-0.24583978094712602,-1.698277699406819,0,-0.057279285168468086,0,0,False,False,True,False,False,False,False,True,True,False,False,False
R0096,-0.9528980649505331,1.7709652138684435,-0.16236205891507743,0.23644880782360245,0.18933697097738103,-1.3281310411724534,0,-0.029100399085869123,0,0,True,False,False,False,False,True,False,False,False,False,False,True
R0097,-0.4643750288660354,1.985115012471924,1.852581262734386,1.2171924193732144,1.354204034209647,-0.9579843829380879,0,-0.05626573591810447,0,1,False,False,False,True,False,True,False,False,False,False,True,False
R0098,-0.13869300480970354,1.2088219925343089,1.7086567397594241,-0.2690268523385179,-0.19748680851106962,-0.9579843829380879,0,-0.13879644244354256,0,1,False,False,True,False,False,True,False,False,False,False,True,False
R0099,-1.2948641902096814,2.0721133681545876,1.34884543232202,0.08541026395045889,0.04427805366921201,-0.3102277310279483,0,-0.03817054021067528,0,1,False,False,True,False,False,False,False,True,False,False,True,False
R0100,-0.5620796360829351,-0.015847168229343442,1.4927699552969818,-0.14416832273671934,-0.20627825804489802,-0.12515440191076557,0,-0.03779196848395772,0,0,True,False,False,False,False,False,False,True,True,False,False,False
R0101,0.366114132477611,-0.32368750372184624,-1.1698337197398092,-0.2287499073056797,-0.43046022115752286,1.3554322310266962,0,0.09357178309253227,0,0,False,False,True,False,False,False,True,False,True,False,False,False
R0102,1.4897171154719555,-0.3638405909599984,0.4852982944722501,-0.4482592577346483,-0.3249628267515818,-0.9579843829380879,0,-0.2148191595922472,0,0,True,False,False,False,False,True,False,False,True,False,False,False
R0103,0.2521254240578944,0.13138081831054885,-0.8819846737898859,-0.06764212717432654,0.022299429834640956,-1.4206677057310448,0,-0.11698570143334261,0,0,False,False,False,True,False,True,False,False,False,False,False,True
R0104,-0.15497710601252038,-0.07607679908657212,0.557260555959731,-0.4905500500191285,-0.2722141295486112,-1.3281310411724534,0,-0.277865145148013,0,0,False,False,True,False,False,False,True,False,True,False,False,False
R0105,-0.13869300480970354,-0.03592371184841951,-1.3857205042022518,0.08339641669881702,-0.24583978094712602,-0.032617737352174214,0,0.1759383973402141,0,0,False,False,False,True,False,False,True,False,True,False,False,False
R0106,-0.18754530841815342,-1.7625064630889784,1.4927699552969818,0.38950119894838786,0.3036258149171504,-0.21769106646935696,0,-0.007626416179528003,0,0,False,True,False,False,True,False,False,False,True,False,False,False
R0107,0.7243643589395758,-0.3973014969917921,-0.6660978893274434,-0.21868067104747008,0.0047165307669840145,0.05991892720641715,0,-0.1998367971414949,0,0,False,False,True,False,False,False,True,False,True,False,False,False
R0108,1.0174781805902746,0.2652244424377239,-1.0259091967648475,-0.478466966509277,-0.4524388449920939,0.05991892720641715,0,-0.1596314044559323,0,0,False,False,True,False,False,False,True,False,True,False,False,False
R0109,0.9523417757790079,0.3120697108822354,0.7731473404221734,0.44387507474271964,0.5805564752327458,-1.4206677057310448,0,-0.08920803319240861,0,0,False,False,False,True,False,True,False,False,True,False,False,False
R0110,-0.28524991563505264,0.1514573619296259,-1.313758242714771,0.7560213987472163,0.5893479247665744,-0.21769106646935696,0,0.026270854797473462,0,0,False,True,False,False,False,False,True,False,True,False,False,False
R0111,-0.5946478384885682,-1.253900691405713,0.1974492485223268,-0.4764531192576351,8.945620706670491,0.4300655854407826,0,-0.5613811975444942,0,0,False,False,False,True,False,False,False,True,True,False,False,False
R0112,-0.18754530841815342,0.4726820598348459,0.2694115100098077,0.3572796429221172,0.18933697097738103,0.4300655854407826,0,0.03233398702110272,0,0,False,False,False,True,False,False,True,False,False,False,False,True
R0113,0.07300031082691225,0.3388384357076708,-0.6660978893274434,0.04110562441433683,0.1981284205112094,-1.7908143639654102,0,-0.13181960958786185,0,0,False,True,False,False,False,False,True,False,False,False,False,True
R0114,-0.49694323127166845,0.7136005832637606,0.4852982944722501,-0.3878438401853909,-0.5271661660296355,0.8927489082337394,0,0.029411380303392357,0,0,False,False,True,False,False,False,True,False,False,False,False,True
R0115,-0.5620796360829351,0.32545407329495313,0.12548698703484587,0.5606782153379507,0.47505908082680476,1.8181155538196532,0,-0.00560313841776435,0,0,False,False,False,True,False,True,False,False,True,False,False,False
R0116,-0.057272498795620595,-0.0961533427056482,0.9890341248846158,0.024994846401201504,-0.021657817834501162,1.1703589019095135,0,-0.03809010971344892,0,0,False,False,False,True,False,False,True,False,True,False,False,False
R0117,-0.12240890360688672,-0.1095377051183659,-1.5296450271772133,-0.5127023697871895,-0.39089869825529494,-1.3281310411724534,0,-0.23852747053112827,0,0,True,False,False,False,False,False,True,False,True,False,False,False
R0118,2.3039221756127852,0.27191662364408326,-1.313758242714771,-0.3254145753844916,-0.100780863638957,-0.032617737352174214,0,-0.22590545497955336,0,0,True,False,False,False,False,False,True,False,False,False,False,True
R0119,-0.6923524457054674,0.7470614892955544,-0.738060150814924,0.09547950020866842,-0.17111245990958446,-1.1430577120552707,0,0.11460264319913467,0,0,False,False,True,False,False,True,False,False,True,False,False,False
R0120,-0.3666704216491356,-1.3074381410565827,1.6366944782719437,-0.4462454104830064,-0.7513481291422603,-0.9579843829380879,0,0.4791903839158523,0,0,False,False,False,True,True,False,False,False,True,False,False,False
R0121,0.6103756505198599,0.11799645589783211,0.4852982944722501,-0.19451450402776718,-0.1623210103757559,0.2449922563235999,0,-0.10376850062305241,0,0,False,False,True,False,False,False,False,True,False,False,False,True
R0122,1.5548535202832217,-1.5818175705172917,0.12548698703484587,0.06728563868568169,-0.15792528560884178,1.4479688955852876,1,0.08300366697064987,0,0,True,False,False,False,False,False,False,True,True,False,False,False
R0123,-0.49694323127166845,0.5329116906920741,0.4852982944722501,-0.03139287664477214,0.18933697097738103,-0.3102277310279483,0,-0.16527995495632336,0,0,True,False,False,False,False,False,True,False,True,False,False,False
R0124,2.7110247056832,-0.25007351045189985,1.4927699552969818,-0.2710406995901599,-0.10957231317278539,0.3375289208821913,0,-0.185147876793275,0,0,False,False,False,True,False,True,False,False,False,False,False,True
R0125,-0.33410221924350253,1.1419001804707212,-0.30628658189003927,-0.4200653962116615,-0.5315618907965498,2.28079887661261,0,-0.007297214996924022,0,0,False,False,False,True,False,True,False,False,False,False,False,True
R0126,-0.8226252553280002,0.8675207510100118,1.564732216784463,-0.08979444694238765,-0.18429963421032697,-0.4027643955865397,0,-0.012254026910310899,0,1,False,False,False,True,False,False,True,False,False,False,True,False
R0127,-0.8226252553280002,-0.6850652888652188,0.8451096019096547,-0.5207577587937572,-0.2722141295486112,2.1882622120540187,0,-0.30324021767045795,0,0,False,False,False,True,False,True,False,False,False,False,False,True
R0128,-1.6531144166716465,0.5663725967238679,-0.37824884337751985,-0.5147162170388315,-0.412877322089866,-0.12515440191076557,0,-0.2272461374288206,0,0,False,False,True,False,True,False,False,False,False,False,False,True
R0129,0.5289551445057769,2.132342999011817,0.1974492485223268,0.8969907063621501,0.7783640897438853,-0.8654477183794965,1,0.008323381117627905,0,0,False,False,True,False,False,True,False,False,False,False,False,True
R0130,-0.31781811804068627,-0.4642233090553797,-1.0259091967648475,0.19214416828748038,0.11021392517292519,0.9852855727923309,0,-0.012982130042749507,0,0,False,True,False,False,False,False,True,False,True,False,False,False
R0131,-0.008420195187170708,-0.6114512955952724,0.05352472554736497,-0.432148479721513,-0.6458507347363193,0.522602249999374,0,0.16851354289155712,0,0,True,False,False,False,False,True,False,False,True,False,False,False
R0132,-0.12240890360688672,0.7269849456764783,-0.30628658189003927,-0.4905500500191285,-0.38210724872146656,1.077822237350922,0,-0.22157975144013886,0,0,False,True,False,False,False,False,True,False,False,True,False,False
R0133,0.38239823368042725,1.0883627308198514,-1.24179598122729,-0.22069451829911205,-0.2766098543155255,0.6151389145579653,0,-0.04785068567893442,0,0,False,True,False,False,False,True,False,False,False,False,False,True
R0134,-0.8714775589364502,0.037690281421526875,0.12548698703484587,0.12165951448001329,-0.1535295608419275,0.15245559176500853,0,0.1185708726255169,0,0,False,False,False,True,False,True,False,False,True,False,False,False
R0135,-1.6531144166716465,0.7604458517082721,0.3413737714972886,0.04110562441433683,0.2992300901502363,-0.8654477183794965,0,-0.16756351260714947,0,1,False,False,False,True,False,False,False,True,False,False,True,False
R0136,-0.724920648111101,-0.32368750372184624,0.2694115100098077,0.10353488921523608,0.01790370506772668,0.3375289208821913,0,-0.012943426175797607,0,0,False,False,True,False,False,False,False,True,True,False,False,False
R0138,-1.2948641902096814,-0.29022659769005243,-1.313758242714771,-0.3556222841591203,-0.4524388449920939,0.15245559176500853,0,-0.02118218932097053,0,0,False,False,False,True,False,False,True,False,False,False,False,True
R0139,-0.8389093565308171,1.5568154152649643,0.8451096019096547,0.4237366022263004,0.38714458548852054,2.558408870288384,0,-0.027954677415706893,0,1,False,False,True,False,False,False,True,False,False,False,True,False
R0140,0.789500763750842,0.2585322612313656,0.2694115100098077,-0.4200653962116615,-0.33815000105232446,0.2449922563235999,0,-0.18111543941175043,0,0,False,False,False,True,False,False,False,True,True,False,False,False
R0141,-0.18754530841815342,-1.7558142818826195,-1.3857205042022518,0.2263795715653929,0.24648139294726565,1.6330422247024703,0,-0.059839611632583264,0,0,False,True,False,False,False,False,False,True,True,False,False,False
R0142,0.4149664360860603,-0.83898545661147,-0.09039979742759652,0.2646426693465892,0.16735834714280998,0.522602249999374,0,-0.00385973240564834,0,0,False,False,True,False,False,True,False,False,False,False,False,True
R0143,-0.08984070120125366,-1.300745959850224,-0.5941356278399625,-0.5771454818397308,-0.1623210103757559,1.3554322310266962,0,-0.3819847975626901,0,0,False,False,False,True,False,False,True,False,False,True,False,False
R0144,1.3920125082550558,1.7642730326620852,1.852581262734386,-0.5086746752839058,-0.28540130384935386,-0.49530106014513103,0,-0.2875654893274793,0,1,False,True,False,False,False,True,False,False,False,False,True,False
R0145,0.284693626463528,-1.4546661275964756,1.1329586478595777,-0.5207577587937572,-0.47441746882666497,-1.1430577120552707,0,-0.19091322997110186,0,0,False,True,False,False,False,False,False,True,True,False,False,False
R0146,-0.31781811804068627,1.7107355830112154,1.2049209093470588,0.8385891360645348,0.8047384383453706,-0.49530106014513103,0,-0.01988524116982327,0,1,False,True,False,False,False,False,True,False,False,False,True,False
R0147,1.2780237998353396,0.5061429658666396,-0.23432432040255835,0.4378335329877938,0.48824625512754727,-0.49530106014513103,0,-0.06054107093782033,0,0,False,True,False,False,False,False,False,True,False,False,False,True
R0148,-0.7737729517195504,-1.0263665303895153,-1.7455318116396559,-0.385829992933749,-0.21506970757872657,-0.7729110538209052,0,-0.2193469223462521,0,0,False,True,False,False,False,True,False,False,False,False,False,True
R0149,-1.7508190238885462,0.07115118745332065,0.05352472554736497,-0.08979444694238765,-0.13594666177427073,1.4479688955852876,0,-0.04501361159829995,0,0,False,True,False,False,False,False,False,True,False,False,False,True
R0150,-0.44809092766321856,-1.0397508928022325,1.9245435242218674,-0.3717330621722556,-0.1623210103757559,-1.1430577120552707,0,-0.23262657499509515,0,0,True,False,False,False,False,False,False,True,False,True,False,False
R0151,0.5126710433029601,-1.3342068658820176,-0.23432432040255835,-0.0756975161808942,-0.05682361596981488,0.05991892720641715,0,-0.08213875242488801,0,0,False,True,False,False,False,True,False,False,True,False,False,False
R0152,0.3009777276663443,-0.9862134431513627,-0.16236205891507743,-0.6053393433627176,-0.5843105879995203,-0.5878377247037224,0,-0.2088073551869296,0,0,True,False,False,False,False,False,True,False,True,False,False,False
R0153,-0.6109319396913845,-0.07607679908657212,-1.0978714582523283,0.11763181997672954,0.14977544807515303,0.8002122436751481,0,-0.07219211893885272,0,0,True,False,False,False,False,False,True,False,True,False,False,False
R0154,-1.148307279384332,1.570199777677681,0.2694115100098077,-0.6516578301504816,-0.5051875421950645,-1.235594376613862,0,-0.32935148056855396,0,1,False,False,False,True,False,True,False,False,False,False,True,False
R0155,-0.4643750288660354,-0.07607679908657212,-0.8100224123024049,0.3512381011671916,0.38714458548852054,1.3554322310266962,0,-0.059481777167066,0,0,False,False,False,True,False,False,False,True,False,False,False,True
R0156,1.3757284070522395,0.04438246262788525,0.12548698703484587,0.19818571004240618,0.2596685672480083,0.6151389145579653,0,-0.0789377740092907,0,0,True,False,False,False,False,False,True,False,True,False,False,False
R0157,1.685126329905755,0.7872145765337075,-0.23432432040255835,-0.3556222841591203,-0.28540130384935386,-1.975887693082593,0,-0.15655730899640943,0,0,False,True,False,False,False,True,False,False,False,False,False,True
R0158,1.1803191926184404,-0.35045622854728115,-0.8100224123024049,-0.4945777445224123,-0.4700217440597508,2.095725547495427,0,-0.16377940242210126,0,0,False,False,False,True,False,False,True,False,True,False,False,False
R0159,-0.9366139637477162,2.025268099710077,0.557260555959731,2.5825808559864325,2.8487504549604785,-1.1430577120552707,1,-0.050283859431212156,0,1,True,False,False,False,False,True,False,False,False,False,True,False
R0160,0.1055685132325453,0.4392211538030521,-0.9539469352773667,0.14783952875135833,-0.008470643533758496,0.3375289208821913,0,0.02967461012627609,0,0,False,False,True,False,False,True,False,False,False,False,False,True
R0161,-0.5295114336773015,0.09122773107239672,-0.6660978893274434,-0.13611293373015168,-0.13155093700735646,-0.7729110538209052,0,-0.08026388955354058,0,0,False,False,True,False,False,False,False,True,False,False,False,True
R0162,-0.13869300480970354,0.6332944087874554,-0.5221733663524817,-0.4643700357477836,-0.43046022115752286,0.8002122436751481,0,-0.16135634549695804,0,0,True,False,False,False,False,True,False,False,False,False,False,True
R0163,0.056716209624095425,1.4497405159632235,-0.37824884337751985,-0.45631464674121597,-0.3777115239545524,-0.49530106014513103,0,-0.19042918965826494,0,0,False,False,False,True,False,False,True,False,False,False,False,True
R0164,-0.8714775589364502,-1.4145130403583228,-0.30628658189003927,0.13374259798986488,-0.100780863638957,1.262895566468105,0,0.08458393240508234,0,0,False,False,False,True,False,False,False,True,True,False,False,False
R0165,-0.10612480240407049,-0.07607679908657212,-0.5221733663524817,-0.49256389727077043,-0.4656260192928366,-0.7729110538209052,0,-0.16504366885591182,0,0,True,False,False,False,False,False,True,False,True,False,False,False
R0166,0.8709212697649249,1.1820532677088733,0.7731473404221734,0.11763181997672954,0.009112255533898288,-0.032617737352174214,0,0.0006065396183022485,0,1,False,False,True,False,False,False,True,False,False,False,True,False
R0167,-1.2134436841955984,0.8407520261845773,0.05352472554736497,0.2847811418630084,0.21131559481195208,-0.3102277310279483,0,-0.015219099297614867,0,0,True,False,False,False,False,False,True,False,False,False,False,True
R0168,-0.040988397592803774,0.18491826796141966,-0.6660978893274434,-0.07368366892925232,-0.07001079027055755,0.8002122436751481,0,-0.07354882046729005,0,0,False,False,True,False,False,True,False,False,False,False,False,True
R0169,-0.10612480240407049,0.5329116906920741,0.4852982944722501,-0.6355470521373463,-0.4612302945259223,-1.6057410348482275,0,-0.33247172776834777,0,0,True,False,False,False,False,False,True,False,True,False,False,False
R0170,-1.360000595020948,-1.575125389310933,1.6366944782719437,0.16999184851941926,0.23329421864652314,0.7076755791165568,1,-0.08177222359956388,0,0,False,False,True,False,False,True,False,False,True,False,False,False
R0171,0.056716209624095425,4.126612998506725,-0.9539469352773667,-0.43416232697315493,-0.43485594592443705,1.1703589019095135,0,-0.12500079696844585,0,0,False,True,False,False,False,False,True,False,True,False,False,False
R0172,0.007863906015645536,1.837887025932031,1.852581262734386,-0.4945777445224123,-0.18869535897724124,0.522602249999374,0,-0.3132116813542779,0,1,False,False,True,False,False,False,True,False,False,False,True,False
R0173,-1.034318570964616,-1.5550488456918568,-0.8819846737898859,0.031036388156127297,-0.14034238654118483,-1.235594376613862,0,0.04336644484031288,0,0,True,False,False,False,True,False,False,False,True,False,False,False
R0174,-1.2134436841955984,2.2193413546944805,0.9170718633971352,-0.23881914356388925,10.681931989601605,-0.3102277310279483,0,-0.5526434810414571,0,0,False,True,False,False,False,False,False,True,False,True,False,False
R0175,0.3498300312747942,-1.2940537786438655,1.852581262734386,-0.09382214144567148,0.04867377843612613,-0.8654477183794965,0,-0.14409296795276502,0,0,False,True,False,False,False,False,True,False,True,False,False,False
R0176,-0.49694323127166845,-0.7319105573097299,0.9170718633971352,-0.08173905793581998,-0.23704833141329762,0.4300655854407826,0,0.034793785912565454,0,0,False,True,False,False,False,False,False,True,True,False,False,False
R0177,0.21955722165226133,-0.7452949197224475,-1.7455318116396559,-0.15423755899492886,-0.21946543234564067,-0.4027643955865397,0,-0.03619080318569106,0,0,False,True,False,False,False,True,False,False,True,False,False,False
R0178,-0.6272160408942012,-0.3638405909599984,0.12548698703484587,-0.019309793134920553,-0.15792528560884178,-0.032617737352174214,0,0.020375635928622817,0,0,False,False,True,False,False,False,False,True,True,False,False,False
R0179,-1.2134436841955984,-0.5712982083571199,0.8451096019096547,-0.2770822413450856,-0.26781840478169705,-1.235594376613862,0,-0.10154493957538659,0,0,False,True,False,False,False,False,True,False,True,False,False,False
R0180,-0.25268171322941957,0.23845571761228948,-0.8819846737898859,0.020967151897917584,0.12779682424058197,-0.4027643955865397,0,-0.11391398212799413,0,0,True,False,False,False,False,True,False,False,True,False,False,False
R0181,0.07300031082691225,0.17153390554870196,-2.10534311907706,-0.22069451829911205,-0.2897970286162681,-0.5878377247037224,0,-0.037604692024668575,0,0,False,False,True,False,False,True,False,False,False,False,False,True
R0182,0.2684095252607112,-1.0196743491831566,-0.738060150814924,0.10152104196359421,0.17175407190972408,-0.7729110538209052,0,-0.09027685456414751,0,0,False,False,False,True,False,False,False,True,True,False,False,False
R0183,-0.15497710601252038,4.394300246761076,0.4852982944722501,0.7278275372242295,0.730011117307829,-0.21769106646935696,0,-0.03373824777140818,0,0,False,True,False,False,False,True,False,False,False,False,False,True
R0184,-1.0994549757758822,1.3761265226932777,0.2694115100098077,0.10957643097016188,0.24648139294726565,-0.7729110538209052,0,-0.11645906855363229,0,1,False,False,False,True,False,False,False,True,False,False,True,False
R0185,0.480102840897327,0.3388384357076708,0.3413737714972886,-0.39791307644360047,-0.29858847815009654,0.15245559176500853,0,-0.18518337488538847,0,0,False,True,False,False,False,True,False,False,False,False,False,True
R0186,-2.6301604888406422,1.456432697169583,1.34884543232202,0.19617186279076412,0.13658827377441035,0.4300655854407826,0,-0.024327543892256494,0,1,True,False,False,False,False,False,False,True,False,False,True,False
R0187,0.903489472170558,-0.8523698190241876,-0.5941356278399625,-0.48853620276748655,-0.5315618907965498,1.4479688955852876,0,-0.09808358557722693,0,0,False,True,False,False,False,False,False,True,True,False,False,False
R0188,-0.5457955348801183,-0.18984387959467114,0.3413737714972886,0.29686422537285984,0.2508771177141799,0.4300655854407826,0,-0.027666930076706422,0,0,False,False,True,False,False,False,True,False,True,False,False,False
R0189,2.0433765563677193,0.17822608675506033,-0.738060150814924,-0.2529160743253826,-0.2018825332779839,-0.032617737352174214,0,-0.123970825842398,0,0,False,True,False,False,False,True,False,False,False,False,False,True
R0190,0.4149664360860603,-0.14299861115015966,-2.177305380564541,0.1619364595128516,0.05746522796995468,2.743482199405567,0,-0.001255350354615903,0,0,False,False,False,True,False,False,False,True,True,False,False,False
R0191,0.8546371685621087,-0.07607679908657212,-0.30628658189003927,-0.5348546895552506,-0.6238721109017482,0.8002122436751481,0,-0.04942683794595345,0,0,True,False,False,False,False,False,True,False,True,False,False,False
R0192,1.1314668890099906,0.23176353640593017,-2.10534311907706,0.07131333318896543,-0.03484499213524383,-0.21769106646935696,0,-0.001335866449927535,0,0,False,False,True,False,False,False,False,True,False,False,False,True
R0193,0.44753463849169395,0.5329116906920741,-0.8100224123024049,-0.4965915917740542,-0.351337175353067,-0.12515440191076557,0,-0.2450372541224724,0,0,False,True,False,False,False,True,False,False,False,True,False,False
R0194,-0.8226252553280002,-1.093288342453103,-0.738060150814924,-0.10993291945880672,-0.021657817834501162,0.3375289208821913,0,-0.12179680919345287,0,0,False,True,False,False,False,False,True,False,True,False,False,False
R0195,0.08928441202972849,-0.5779903895634787,0.9890341248846158,-0.3012484083647886,-0.3029842029170107,0.6151389145579653,0,-0.09770213023865423,0,0,False,False,True,False,False,False,False,True,True,False,False,False
R0196,1.2780237998353396,-0.1095377051183659,0.9890341248846158,-0.3556222841591203,-0.5271661660296355,-0.5878377247037224,0,0.07171959183596065,0,0,True,False,False,False,False,False,True,False,False,False,False,True
R0197,1.5874217226888554,-0.042615893054778364,0.2694115100098077,-0.49860543902569615,-0.1623210103757559,-0.4027643955865397,0,-0.3248772418750802,0,0,True,False,False,False,False,False,True,False,False,False,False,True
R0198,-0.040988397592803774,-0.6114512955952724,0.557260555959731,-0.4583284939928579,-0.4612302945259223,0.522602249999374,0,-0.1293564579954669,0,0,False,False,True,False,False,False,False,True,True,False,False,False
R0199,-0.9203298625449,1.322589073042408,1.34884543232202,0.3190165451409209,0.34318733781937844,-0.9579843829380879,0,-0.05653156683595885,0,1,False,False,True,False,False,False,True,False,False,False,True,False
R0200,1.0826145854015408,-1.0196743491831566,-0.01843753594011562,-0.20861143478926056,-0.2766098543155255,-1.1430577120552707,0,-0.03763721898865037,0,0,False,False,False,True,False,False,True,False,True,False,False,False
R0201,-0.13869300480970354,0.2518400800250072,-0.30628658189003927,1.1688600853338087,0.5805564752327458,2.095725547495427,0,0.18698712237583665,0,0,True,False,False,False,False,False,True,False,False,True,False,False
R0202,-0.6760683445026512,-0.07607679908657212,1.1329586478595777,-0.1703483370080642,-0.01286636830067277,-0.4027643955865397,0,-0.1631390596828985,0,0,False,False,True,False,False,False,True,False,False,False,False,True
R0203,0.4149664360860603,-1.3074381410565827,0.4852982944722501,-0.13812678098179354,-0.1930910837441555,-0.49530106014513103,0,-0.04238258200396842,0,0,False,True,False,False,False,False,False,True,True,False,False,False
R0204,0.675512055331126,-0.7988323693733174,-0.30628658189003927,0.36734887918032694,0.3256044387517215,-0.12515440191076557,0,-0.02741802083557711,0,0,False,False,True,False,False,False,False,True,True,False,False,False
R0205,-0.057272498795620595,0.7336771268828367,0.4133360329847692,0.31297500338599515,0.2596685672480083,-0.21769106646935696,0,-0.02388646418931989,0,0,False,False,True,False,False,False,True,False,False,False,False,True
R0206,2.3039221756127852,-1.3342068658820176,0.2694115100098077,-0.03743441839969793,-0.09638513887204272,-1.4206677057310448,0,-0.03391938161134137,0,0,False,False,True,False,False,False,True,False,True,False,False,False
R0207,-0.02470429638998753,0.057766825040602945,1.7806190012469054,-0.3012484083647886,-0.1623210103757559,-1.1430577120552707,0,-0.18137620450621447,0,0,True,False,False,False,False,False,True,False,True,False,False,False
R0208,-0.49694323127166845,-1.2739772350247889,1.4927699552969818,-0.21465297654418625,-0.13594666177427073,1.6330422247024703,0,-0.13296290809796832,0,0,False,False,True,False,False,False,True,False,True,False,False,False
R0209,0.02414800721846236,0.4726820598348459,-0.5941356278399625,-0.49256389727077043,-0.14913383607501338,0.8002122436751481,0,-0.32466805668941134,0,0,True,False,False,False,False,True,False,False,False,False,False,True
R0210,1.8153991395282874,-0.5110685774998911,-1.24179598122729,0.5828305351060116,0.37395741118777787,-0.8654477183794965,0,0.047320253935076176,0,0,False,False,False,True,False,False,False,True,True,False,False,False
R0211,1.1151827878071738,0.2652244424377239,-0.5941356278399625,-0.4200653962116615,-0.4480431202251797,-0.8654477183794965,0,-0.0978629089350774,0,0,False,False,False,True,False,True,False,False,False,False,False,True
R0212,-0.44809092766321856,-1.0330587115958738,0.12548698703484587,-0.43819002147643876,-0.47441746882666497,-0.3102277310279483,0,-0.09381128578521278,0,0,False,False,True,False,False,True,False,False,True,False,False,False
R0213,-0.057272498795620595,0.19161044916777803,0.05352472554736497,-0.22673606005403774,-0.25463123048095443,0.4300655854407826,0,-0.06905136653603922,0,0,False,True,False,False,False,True,False,False,False,False,False,True
R0214,-0.5295114336773015,-1.1602101545166905,-0.37824884337751985,-0.3556222841591203,-0.3205671019846676,-0.49530106014513103,0,-0.13375728884054597,0,0,False,False,True,False,False,True,False,False,True,False,False,False
R0215,1.147750990212807,-0.3839171345790749,-1.3857205042022518,-0.16833448975642223,-0.3689200744207239,-0.12515440191076557,0,0.08410387497791313,0,0,False,True,False,False,False,True,False,False,True,False,False,False
R0216,-0.6923524457054674,-0.3103031413091285,0.05352472554736497,-0.34958074240419457,10.383022705451438,1.262895566468105,0,-0.5576119859335605,0,0,True,False,False,False,False,False,False,True,True,False,False,False
R0217,-0.9854662673561662,-1.5885097517236506,0.4852982944722501,-0.3274284226361334,-0.16671673514267019,0.4300655854407826,0,-0.19833829623712895,0,0,True,False,False,False,False,False,False,True,False,False,False,True
R0218,-0.44809092766321856,-2.1372686106450685,-0.37824884337751985,-0.3576361314107621,-0.38650297348838075,-0.8654477183794965,0,-0.0857413861780747,0,0,False,True,False,False,False,False,True,False,True,False,False,False
R0219,-0.6109319396913845,-1.0129821679767976,0.12548698703484587,-0.42409309071494533,-0.21506970757872657,-0.032617737352174214,0,-0.2490872851225582,0,0,False,False,False,True,False,True,False,False,True,False,False,False
R0220,1.2128873950240735,-0.16307515476923573,-0.09039979742759652,-0.2468745325704569,-0.3645243496538097,-0.21769106646935696,0,0.003459825550826025,0,0,False,False,True,False,False,False,True,False,True,False,False,False
R0221,-1.0506026721674329,-0.0961533427056482,0.557260555959731,0.19415801553912226,0.2992300901502363,0.522602249999374,0,-0.09643192328649985,0,0,False,False,False,True,False,False,True,False,True,False,False,False
R0222,-0.31781811804068627,0.4459133350094105,-0.01843753594011562,0.44186122749107776,0.3343958882855499,-0.032617737352174214,1,0.0025619383692626744,0,0,False,False,False,True,False,True,False,False,True,False,False,False
R0223,-0.040988397592803774,1.0348252811689806,-0.09039979742759652,-0.23277760180896354,0.00032080600006989703,0.4300655854407826,0,-0.2066632226679928,0,1,False,False,False,True,False,False,True,False,False,False,True,False
R0224,-0.2689658144322364,0.9277503818672409,1.34884543232202,-0.2670130050868761,-0.22386115711255494,2.003188882936836,0,-0.12168059024242203,0,0,True,False,False,False,False,False,True,False,True,False,False,False
R0225,0.43125053728887713,-0.8657541814369049,0.7731473404221734,0.2203380298104671,0.03548660413538362,-1.3281310411724534,0,0.04555168827442091,0,0,False,False,False,True,False,True,False,False,True,False,False,False
R0226,-0.2363976120266033,0.5529882343111511,0.7011850789346928,-0.043475960154623544,-0.22825688187946908,0.522602249999374,1,0.05781788051732807,0,0,False,False,False,True,False,False,True,False,False,False,False,True
R0227,-0.1712612072153366,0.8675207510100118,0.6292228174472115,-0.14215447548507737,-0.31177565245083916,-0.7729110538209052,0,0.05025234963563636,0,0,True,False,False,False,False,False,True,False,True,False,False,False
R0228,0.07300031082691225,-1.983348442898817,1.060996386372097,-0.12402985022030018,-0.3645243496538097,-1.513204370289636,0,0.12213058138079327,0,0,False,False,True,False,False,False,True,False,True,False,False,False
R0229,0.594091549317043,-0.08946116149928983,-0.8100224123024049,0.053188707924188235,0.2069198700450378,-1.513204370289636,0,-0.1291170965664416,0,0,False,True,False,False,False,False,False,True,False,False,False,True
R0230,-0.15497710601252038,2.366569341234373,0.8451096019096547,-0.3294422698877754,-0.12715521224044232,-0.8654477183794965,0,-0.21763640772102782,0,1,False,False,True,False,False,False,False,True,False,False,True,False
R0231,-1.6042621130631967,0.700216220851043,-2.177305380564541,0.11561797272508767,-0.004074918766844377,0.05991892720641715,0,0.007280564698800198,0,0,False,True,False,False,False,False,True,False,False,False,False,True
R0232,1.2943079010381566,1.0281330999626224,-1.3857205042022518,-0.23076375455732157,0.09702675087218252,-1.235594376613862,0,-0.2394400353283107,0,0,False,True,False,False,False,False,False,True,False,False,False,True
R0233,0.7569325613452089,-0.7586792821351652,0.557260555959731,-0.45228695223793214,-0.2590269552478687,-0.9579843829380879,0,-0.2519124286982279,0,0,False,False,True,False,False,True,False,False,True,False,False,False
R0234,-1.669398517874463,0.3923758853585406,1.060996386372097,0.7681044822570678,0.5453906770974323,0.6151389145579653,0,0.04856895303265702,0,0,False,False,True,False,False,False,True,False,True,False,False,False
R0235,1.2128873950240735,-0.1095377051183659,1.34884543232202,-0.2952068666098629,-0.3073799276839249,2.373335541171201,0,-0.08918296101053068,0,0,False,False,True,False,False,False,False,True,True,False,False,False
R0236,0.9197735733733748,-1.0665196176276674,0.7731473404221734,0.0008286793814985154,0.00032080600006989703,0.522602249999374,0,-0.06498763091039018,0,0,False,False,False,True,False,False,False,True,True,False,False,False
R0237,-0.25268171322941957,-1.7156611946444669,-0.8819846737898859,0.05117486067254637,-0.08319796457130021,0.4300655854407826,0,0.016734471333156052,0,0,False,True,False,False,False,False,False,True,True,False,False,False
R0238,-1.7182508214829126,2.1457273614245342,1.060996386372097,0.05117486067254637,0.22010704434578046,-0.12515440191076557,0,-0.13511409613713068,0,1,False,True,False,False,False,False,True,False,False,False,True,False
R0239,-0.35038632044631934,-0.07607679908657212,-0.37824884337751985,-0.4603423412444998,-0.2722141295486112,1.4479688955852876,0,-0.25249007262556816,0,0,False,False,False,True,False,True,False,False,True,False,False,False
R0240,2.3039221756127852,0.07784336865967902,0.7731473404221734,-0.4019407709468843,-0.5007918174281503,0.3375289208821913,0,-0.02184851130688099,0,0,True,False,False,False,False,False,True,False,True,False,False,False
R0241,0.5289551445057769,-0.8256010941987527,1.2768831708345394,0.3210303923925628,0.46187190652606197,1.3554322310266962,0,-0.09912560991674262,0,0,False,False,False,True,False,True,False,False,True,False,False,False
R0242,1.2454555974297066,0.12468863710419048,-1.6016072886646944,-0.35159458965583645,-0.33815000105232446,0.2449922563235999,0,-0.11768934489674437,0,0,False,True,False,False,False,False,True,False,True,False,False,False
R0243,-2.6301604888406422,1.0549018247880577,1.4208076938095013,-0.46638388299942557,-0.47441746882666497,-1.0505210474966793,0,-0.12696804721454072,0,1,True,False,False,False,False,False,False,True,False,False,True,False
R0244,-1.7833872262941792,-0.15638297356287736,-0.5941356278399625,-0.3254145753844916,-0.16671673514267019,-0.032617737352174214,0,-0.19686608482231327,0,0,True,False,False,False,False,False,True,False,True,False,False,False
R0245,0.43125053728887713,-0.4709154902617385,2.0684680471968284,-0.31735918637792393,-0.3161713772177534,0.8002122436751481,0,-0.10246905887366542,0,0,False,False,False,True,False,False,True,False,True,False,False,False
R0246,-0.040988397592803774,-0.03592371184841951,0.3413737714972886,-0.40999615995345196,-0.3777115239545524,0.522602249999374,0,-0.1447046672492073,0,0,False,False,False,True,False,False,True,False,True,False,False,False
R0247,-1.1645913805871488,-1.120057067278538,0.6292228174472115,0.4176950604713748,0.26846001678183673,1.9106522183782446,1,0.022037237800356796,0,0,False,True,False,False,False,False,True,False,True,False,False,False
R0248,-1.701966720280096,0.13138081831054885,-0.8100224123024049,-0.4140238544567358,-0.28100557908243967,0.7076755791165568,0,-0.2089215518794835,0,0,False,False,False,True,False,False,False,True,True,False,False,False
R0249,-0.4155227252575855,2.0587290057418706,0.7011850789346928,0.4821381725239159,0.6992410439394297,-0.3102277310279483,0,-0.11063766022784485,0,1,False,True,False,False,False,True,False,False,False,False,True,False
R0250,-1.7508190238885462,1.0348252811689806,0.7011850789346928,-0.21465297654418625,-0.3205671019846676,3.4837755158742976,0,-0.006656370028121984,0,1,False,False,True,False,False,False,False,True,False,False,True,False
R0251,0.5452392457085932,2.366569341234373,0.1974492485223268,-0.5106885225355476,-0.5271661660296355,0.4300655854407826,0,-0.1318886761645243,0,1,True,False,False,False,True,False,False,False,False,False,True,False
R0252,0.43125053728887713,0.2986853484695177,-1.4576827656897329,-0.5207577587937572,-0.29419275338318235,0.4300655854407826,0,-0.2942396577586505,0,0,False,False,False,True,False,False,True,False,True,False,False,False
R0253,0.9360576745761917,-1.4479739463901167,-1.5296450271772133,0.31096115613435327,0.13219254900749625,-0.032617737352174214,0,0.03924636722338919,0,0,False,True,False,False,False,False,False,True,True,False,False,False
R0254,-1.3762846962237645,1.1419001804707212,1.060996386372097,-0.44020386872808065,-0.2106739828118123,1.262895566468105,0,-0.2634521039552643,0,1,False,False,False,True,False,False,True,False,False,False,True,False
R0255,0.6429438529254929,-0.8657541814369049,0.9170718633971352,0.39554274070331363,0.4970377046613758,-1.0505210474966793,0,-0.08067968575484753,0,0,False,False,False,True,False,False,False,True,True,False,False,False
R0256,-1.4902734046434807,-0.27684223527733476,0.2694115100098077,0.34922425391554973,0.22889849387960887,-1.4206677057310448,0,0.00819958152138215,0,0,False,False,True,False,True,False,False,False,True,False,False,False
R0257,0.9197735733733748,0.0644590062469618,1.9245435242218674,-0.5630485510782374,-0.5051875421950645,-1.6057410348482275,0,-0.21839036097040612,0,0,False,True,False,False,False,True,False,False,False,False,False,True
R0258,-0.008420195187170708,-0.10284552391200705,0.3413737714972886,0.0008286793814985154,0.03988232890229774,3.021092193081341,0,-0.08512396929002858,0,0,False,False,True,False,False,False,True,False,True,False,False,False
R0259,-1.0668867733702492,-0.1965360608010295,-0.5221733663524817,0.40762582421316507,0.24648139294726565,0.2449922563235999,0,0.028018166348354957,0,0,True,False,False,False,False,False,False,True,True,False,False,False
R0260,-0.5620796360829351,-1.8495048187716419,-0.5941356278399625,-0.27305454684180175,-0.28540130384935386,-0.032617737352174214,0,-0.08588184329149008,0,0,False,False,False,True,False,False,True,False,True,False,False,False
R0261,-1.7833872262941792,-0.5244529399126089,-0.01843753594011562,-0.5308269950519667,-0.496396092661236,0.7076755791165568,0,-0.18542298700715462,0,0,True,False,False,False,False,False,False,True,True,False,False,False
R0262,0.903489472170558,-1.0799039800403851,1.4927699552969818,-0.619436274124211,-0.619476386134834,-0.21769106646935696,0,-0.1954477348007225,0,0,True,False,False,False,True,False,False,False,True,False,False,False
R0263,0.480102840897327,-0.31699532251548734,-0.23432432040255835,-0.48652235551584466,-0.5799148632326061,-0.5878377247037224,0,-0.03634650616515293,0,0,False,False,True,False,False,True,False,False,True,False,False,False
R0264,-1.7345349226857296,-1.7691986442953367,1.564732216784463,-0.571103940084805,-0.43046022115752286,-0.032617737352174214,0,-0.27683660887510325,0,0,False,False,True,False,False,False,True,False,True,False,False,False
R0265,-1.7996713274969958,2.2795709855517092,3.6516377999214074,-0.5348546895552506,-0.38210724872146656,-0.4027643955865397,0,-0.2656378430452858,0,1,False,False,False,True,False,False,True,False,False,False,True,False
R0266,0.8709212697649249,0.606525683962021,-1.6735695501521752,1.5353802851326368,1.3366211351419903,-0.032617737352174214,1,0.029396327571585237,0,0,False,False,False,True,False,True,False,False,True,False,False,False
R0267,0.9686258769818248,0.5195273282793573,-1.313758242714771,0.2888088363662922,0.022299429834640956,-0.49530106014513103,0,0.09445097741815202,0,0,False,True,False,False,False,True,False,False,False,False,False,True
R0268,-2.5975922864350087,0.23176353640593017,1.4208076938095013,0.09749334746031048,-0.021657817834501162,0.8002122436751481,0,0.006886624335508538,0,0,False,False,False,True,False,False,False,True,False,False,False,True
R0269,-0.9040457613420831,1.7843495762811612,1.9245435242218674,0.5506089790797412,0.9761717042550249,0.7076755791165568,0,-0.15685170940164772,0,1,True,False,False,False,False,False,False,True,False,False,True,False
R0270,-0.12240890360688672,-0.30361096010276967,-1.7455318116396559,-0.2408329908155312,-0.47441746882666497,0.3375289208821913,0,0.1382860442200831,0,0,False,False,True,False,False,True,False,False,True,False,False,False
R0271,-0.8389093565308171,-0.015847168229343442,-0.23432432040255835,-0.3254145753844916,-0.6458507347363193,0.15245559176500853,0,0.3584481866056116,0,0,False,True,False,False,False,False,False,True,True,False,False,False
R0272,-0.040988397592803774,-0.8791385438496226,0.8451096019096547,0.27068421110151497,0.031090879368469347,1.1703589019095135,0,0.0778933716166643,0,0,True,False,False,False,False,False,False,True,True,False,False,False
R0273,0.984909978184641,-0.07607679908657212,2.2843548316592717,-0.3012484083647886,-0.23704833141329762,0.05991892720641715,0,-0.14086978319843468,0,0,True,False,False,False,False,True,False,False,True,False,False,False
R0274,-0.040988397592803774,0.09791991227875509,-2.177305380564541,-0.08979444694238765,-0.17111245990958446,-0.032617737352174214,0,-0.02157691267131957,0,0,True,False,False,False,False,True,False,False,True,False,False,False
R0275,-0.8226252553280002,0.41914461018397603,-0.8819846737898859,0.6069967021257145,0.5717650256989173,0.4300655854407826,1,-0.02390835229023728,0,0,False,False,False,True,False,False,True,False,False,False,False,True
R0276,1.147750990212807,0.16484172434234262,0.3413737714972886,0.5928997713642213,0.44428900745840516,-0.4027643955865397,0,0.02034416907409406,0,0,False,False,True,False,False,False,False,True,True,False,False,False
R0277,0.594091549317043,1.0348252811689806,-1.0978714582523283,0.3230442396442047,0.2992300901502363,-1.1430577120552707,0,-0.036531637542794954,0,0,False,False,True,False,False,False,False,True,False,False,False,True
R0278,0.8546371685621087,-0.8456776378178288,0.9170718633971352,-0.09583598869731336,-0.17111245990958446,1.077822237350922,0,-0.026017550362747416,0,0,False,False,False,True,False,True,False,False,False,False,False,True
R0279,-1.4088528986293978,1.1285158180580035,0.4852982944722501,0.1498533760030002,0.3607702368870352,1.077822237350922,0,-0.13846032049683704,0,1,False,False,False,True,False,False,True,False,False,False,True,False
R0280,0.366114132477611,-0.1965360608010295,-1.7455318116396559,-0.2931930193582209,-0.06561506550364328,1.8181155538196532,0,-0.21872983992022554,0,0,True,False,False,False,False,False,True,False,True,False,False,False
R0281,-0.4643750288660354,-0.7118340136906538,-1.1698337197398092,-0.1925006567761252,-0.38650297348838075,1.540505560143879,0,0.07969155576825487,0,0,False,True,False,False,False,False,False,True,True,False,False,False
R0282,-0.31781811804068627,-1.1936710605484842,-0.37824884337751985,0.6090105493773564,0.4091232093230916,-0.4027643955865397,0,0.04254064926988757,0,0,True,False,False,False,False,False,False,True,True,False,False,False
R0283,-0.5132273324744853,-0.7386027385160887,0.4133360329847692,-0.45228695223793214,-0.7997011015783168,0.9852855727923309,0,0.7445233459636325,0,0,False,False,False,True,False,False,False,True,True,False,False,False
R0284,-1.360000595020948,-1.6286628389618032,-0.8819846737898859,0.48415201977555794,0.4223103836238341,0.15245559176500853,1,-0.016287124825731455,0,0,False,False,True,False,False,False,False,True,True,False,False,False
R0285,-0.2363976120266033,-2.036885892549687,0.1974492485223268,1.2212201138764984,0.9190272822851402,0.4300655854407826,0,0.06594750799984787,0,0,False,True,False,False,False,False,False,True,True,False,False,False
R0286,-0.9040457613420831,1.322589073042408,0.05352472554736497,-0.3475668951525526,-0.13594666177427073,0.15245559176500853,0,-0.2265863527589056,0,0,False,False,False,True,False,True,False,False,True,False,False,False
R0287,-1.6368303154688297,1.4497405159632235,1.34884543232202,-0.198542198531051,-0.2897970286162681,-0.21769106646935696,0,-0.01852220648868134,0,1,False,True,False,False,False,False,False,True,False,False,True,False
R0288,0.8220689661564751,0.8340598449782181,-1.0978714582523283,-0.1461821699883612,-0.01286636830067277,-0.12515440191076557,0,-0.14828310813339435,0,0,False,False,True,False,False,False,False,True,False,False,False,True
R0289,-0.9040457613420831,1.4698170595822997,0.4133360329847692,0.8164368162964738,1.0245246766910812,1.540505560143879,0,-0.08831632125008908,0,1,False,True,False,False,False,True,False,False,False,False,True,False
R0290,0.6266597517226761,0.07784336865967902,0.3413737714972886,-0.24284683806717308,-0.24144405618021172,-0.7729110538209052,0,-0.09121738948291841,0,0,False,False,False,True,False,False,False,True,False,False,False,True
R0291,-2.6301604888406422,1.2355907173597434,0.3413737714972886,-0.1159744612137325,-0.06121934073672916,0.05991892720641715,0,-0.10580029931639151,0,1,False,False,False,True,False,False,True,False,False,False,True,False
R0292,-1.6856826190772796,-0.1831516983883123,1.2049209093470588,-0.16229294800149652,-0.33815000105232446,0.4300655854407826,0,0.05766515170356657,0,0,False,False,True,False,False,True,False,False,True,False,False,False
R0293,-0.1712612072153366,0.6466787712001731,-0.01843753594011562,-0.4764531192576351,-0.5315618907965498,1.6330422247024703,0,-0.08206246135717354,0,0,False,False,False,True,False,False,True,False,True,False,False,False
R0294,-0.4155227252575855,-0.4441467654363036,-0.45021110486500077,-0.21868067104747008,-0.1535295608419275,0.3375289208821913,0,-0.12626258420540604,0,0,False,False,False,True,False,False,True,False,True,False,False,False
R0295,1.7176945323113875,0.32545407329495313,-1.4576827656897329,-0.33951150614598496,-0.32935855151849597,1.262895566468105,0,-0.11295003417781707,0,0,False,False,True,False,False,False,False,True,True,False,False,False
R0296,-0.6272160408942012,-0.39060931578543373,-0.6660978893274434,-0.3415253533976269,-0.32935855151849597,0.6151389145579653,0,-0.1147902984463368,0,0,False,False,False,True,False,False,True,False,True,False,False,False
R0297,0.2032731204494451,0.2183791739932134,-1.3857205042022518,-0.05555904366447504,0.07065240227069719,-0.49530106014513103,0,-0.13164527118185773,0,0,False,False,True,False,False,False,False,True,True,False,False,False
R0298,0.1055685132325453,-0.07607679908657212,1.7806190012469054,1.4447571588087509,1.6531133183598135,-0.9579843829380879,0,-0.06480208490195734,0,1,False,True,False,False,False,False,True,False,False,False,True,False
R0299,1.1314668890099906,-1.227131966580278,0.6292228174472115,0.09346565295702655,0.00032080600006989703,-0.032617737352174214,0,-0.00880593073065125,0,0,False,False,False,True,False,True,False,False,False,True,False,False
R0300,0.08928441202972849,0.7069084020574022,-1.0259091967648475,-0.5751316345880889,-0.6854122576385472,-0.032617737352174214,0,-0.01901415659069462,0,0,False,True,False,False,False,True,False,False,True,False,False,False
R0301,-1.8810918335110787,2.3331084352025795,2.0684680471968284,-0.573117787336447,-0.535957615563464,-0.49530106014513103,0,-0.2065302052977867,0,1,False,False,False,True,False,True,False,False,False,False,True,False
R0302,2.1247970623818024,-1.0665196176276674,-1.0259091967648475,-0.15222371174328692,-0.030449267368329553,2.373335541171201,0,-0.14399597396710234,0,0,False,True,False,False,False,False,True,False,True,False,False,False
R0303,-0.44809092766321856,-1.3944364967392469,-0.5941356278399625,0.41366736596809084,-0.1623210103757559,-0.12515440191076557,0,0.3384489818810032,0,0,False,False,True,False,False,False,False,True,True,False,False,False
R0304,-2.4184671732040264,-0.43745458422994477,-0.5221733663524817,0.2988780726245019,0.24208566818035154,0.3375289208821913,0,-0.022684409841363867,0,0,False,True,False,False,False,False,True,False,True,False,False,False
R0305,1.4082966094578726,-0.4909920338808151,-0.01843753594011562,-0.5046469807806219,-0.28100557908243967,0.7076755791165568,0,-0.28600431935332554,0,0,False,False,True,False,False,False,True,False,True,False,False,False
R0306,0.9523417757790079,-0.029231530642060664,-0.5941356278399625,-0.4261069379665873,-0.47441746882666497,0.4300655854407826,0,-0.07960124517264364,0,0,False,False,False,True,False,False,False,True,True,False,False,False
R0307,-0.2363976120266033,1.2222063549470266,0.05352472554736497,-0.3838161456821071,-0.12275948747352806,-0.032617737352174214,0,-0.2572267528297578,0,1,False,False,True,False,True,False,False,False,False,False,True,False
R0308,0.284693626463528,-0.4842998526744562,-0.09039979742759652,-0.21465297654418625,-0.1447381113080991,-0.8654477183794965,0,-0.12821454200511695,0,0,False,False,False,True,False,False,False,True,False,False,False,True
R0309,0.8709212697649249,-0.7787558257542413,-1.0978714582523283,-0.432148479721513,-0.42606449639060867,-0.5878377247037224,0,-0.13012583401733385,0,0,False,True,False,False,False,False,False,True,True,False,False,False
R0310,-0.4318068264604023,0.01092155659609148,-1.0259091967648475,-0.3737469094238975,-0.23265260664638335,0.2449922563235999,0,-0.20115281805957075,0,0,False,False,False,True,False,False,False,True,True,False,False,False
R0311,0.04043210842127918,0.5797569591365855,0.1974492485223268,-0.7181147894546648,-0.8040968263452308,0.522602249999374,1,-0.12104719695930352,0,1,False,False,False,True,False,False,False,True,False,False,True,False
R0312,-1.1808754817899654,2.3531849788216554,1.060996386372097,0.6573428834167624,0.6992410439394297,1.262895566468105,1,-0.048608229019836836,0,1,False,True,False,False,False,False,False,True,False,False,True,False
R0313,-0.2201135108237865,0.7202927644701199,1.6366944782719437,0.8124091217931897,0.8267170621799417,-1.235594376613862,1,-0.03536341801015652,0,1,False,False,False,True,False,False,True,False,False,False,True,False
R0314,-0.057272498795620595,0.31876189208859473,-0.30628658189003927,-0.4140238544567358,-0.43046022115752286,0.8927489082337394,0,-0.10688452314877639,0,0,True,False,False,False,False,True,False,False,True,False,False,False
R0315,-1.6042621130631967,1.4832014219950174,0.6292228174472115,1.5071864236096504,1.6135517954575853,-1.698277699406819,1,-0.04257084272887224,0,1,False,False,True,False,False,True,False,False,False,False,True,False
R0316,0.6266597517226761,-0.27684223527733476,0.7011850789346928,-0.6093670378660014,-0.42606449639060867,-1.1430577120552707,0,-0.3203448961855874,0,0,False,False,True,False,True,False,False,False,False,False,False,True
R0317,-0.4806591300688522,1.1017470932325681,1.1329586478595777,-0.07368366892925232,-0.1623210103757559,-0.21769106646935696,0,-0.015910722642114194,0,1,False,True,False,False,False,True,False,False,False,False,True,False
R0318,0.7406484601423922,-0.1831516983883123,-1.4576827656897329,1.416563297285764,1.2574980893375343,-1.0505210474966793,1,0.019520069552163382,0,0,False,False,True,False,False,False,True,False,True,False,False,False
R0319,0.39868233488324406,-0.7787558257542413,-0.5221733663524817,0.4760966307689903,0.3651659616539495,-0.4027643955865397,0,0.004273596939781118,0,0,False,False,True,False,False,False,True,False,True,False,False,False
R0320,0.9686258769818248,-0.07607679908657212,-0.5221733663524817,-0.48853620276748655,-0.3161713772177534,0.05991892720641715,0,-0.255783790648349,0,0,False,False,False,True,False,False,False,True,False,False,False,True
R0321,-0.02470429638998753,-1.4546661275964756,0.557260555959731,-0.571103940084805,-0.6854122576385472,0.15245559176500853,0,-0.010884033852160054,0,0,True,False,False,False,False,False,True,False,True,False,False,False
R0322,0.6429438529254929,-0.8925229062623403,-0.23432432040255835,0.22436572431375104,0.1805455214435525,0.9852855727923309,0,-0.03108615702063987,0,0,False,False,True,False,False,False,False,True,False,False,False,True
R0323,-1.7996713274969958,1.1619767240897974,2.21239257017179,-0.5227716060453992,-0.39089869825529494,-0.9579843829380879,0,-0.24869012395429652,0,1,False,False,True,False,False,False,False,True,False,False,True,False
R0324,-2.0765010479448778,-0.43745458422994477,0.2694115100098077,-0.5006192862773381,-0.34254572581923864,-0.8654477183794965,0,-0.2534700754264349,0,0,False,False,True,False,True,False,False,False,True,False,False,False
R0325,-2.0439328455392447,-0.6917574700715777,-0.8819846737898859,-0.023337487638204472,-0.05242789120290061,0.9852855727923309,0,-0.05095667673403667,0,0,False,False,True,False,False,True,False,False,True,False,False,False
R0326,1.5548535202832217,0.6533709524065324,-0.01843753594011562,-0.23277760180896354,0.04867377843612613,0.9852855727923309,0,-0.22440398808149448,0,0,False,False,False,True,False,False,False,True,True,False,False,False
R0327,-0.6760683445026512,1.3359734354551245,2.2843548316592717,-0.5992978016077919,-0.5183747164958071,-1.0505210474966793,0,-0.2546328565274634,0,1,False,False,False,True,False,False,False,True,False,False,True,False
R0328,-0.25268171322941957,-0.10284552391200705,-0.30628658189003927,0.4217227549746585,0.09702675087218252,1.540505560143879,0,0.12074099407599272,0,0,True,False,False,False,False,False,False,True,True,False,False,False
R0329,-0.18754530841815342,-1.2940537786438655,0.05352472554736497,-0.2509022270737407,-0.3205671019846676,1.4479688955852876,0,-0.03933946343703103,0,0,False,False,True,False,False,True,False,False,True,False,False,False
R0330,-0.7412047493139173,1.63042940853491,0.12548698703484587,0.4640135472591387,0.44428900745840516,1.077822237350922,0,-0.033455161640159464,0,1,False,False,True,False,False,False,True,False,False,False,True,False
R0331,-0.7574888505167341,-0.27684223527733476,-0.8100224123024049,0.18610262653255458,-0.01286636830067277,-0.12515440191076557,0,0.055986225672287,0,0,False,False,False,True,False,False,True,False,True,False,False,False
R0332,0.8383530673592919,-0.5779903895634787,0.3413737714972886,-0.6838793861767523,-0.6985994319392898,1.8181155538196532,0,-0.22233074163795394,0,0,False,False,True,False,False,True,False,False,True,False,False,False
R0333,0.9686258769818248,-0.07607679908657212,-1.6016072886646944,-0.6838793861767523,-0.6985994319392898,0.7076755791165568,0,-0.22233074163795394,0,0,False,False,True,False,False,True,False,False,True,False,False,False
R0334,0.12185261443536213,-0.9795212619450039,-0.8100224123024049,-0.6939486224349618,-0.7073908814731182,0.4300655854407826,0,-0.2326265749950951,0,0,False,False,True,False,False,False,False,True,True,False,False,False
R0335,-0.18754530841815342,-1.2672850538184302,0.3413737714972886,-0.4039546181985262,-0.3733157991876381,-0.49530106014513103,0,-0.1419675345278081,0,0,False,False,False,True,False,True,False,False,True,False,False,False
R0336,1.6525581275001213,0.5061429658666396,-0.30628658189003927,-0.4603423412444998,-0.14913383607501338,0.15245559176500853,1,-0.301611200669017,0,0,False,False,False,True,False,False,False,True,True,False,False,False
R0337,1.3268761034437897,-0.45083894664266244,0.9890341248846158,-0.13208523922686785,-0.19748680851106962,-1.975887693082593,0,-0.03474914132903829,0,0,False,True,False,False,False,False,False,True,True,False,False,False
R0338,-1.2785800890068648,2.366569341234373,1.9245435242218674,0.08541026395045889,0.04867377843612613,0.8927489082337394,0,-0.04050339126498355,0,1,False,True,False,False,False,True,False,False,False,False,True,False
R0339,-1.9625123395251616,1.4497405159632235,1.7806190012469054,0.020967151897917584,0.07065240227069719,1.262895566468105,0,-0.08834131199292673,0,1,False,True,False,False,False,True,False,False,False,False,True,False
R0340,-0.8877616601392669,-0.06269243667385443,0.1974492485223268,-0.6496439828988397,-0.47441746882666497,-0.7729110538209052,0,-0.34248699650517267,0,0,False,True,False,False,False,False,True,False,True,False,False,False
R0341,1.8642514431367367,-0.06269243667385443,-0.45021110486500077,-0.15625140624657075,-0.29419275338318235,0.05991892720641715,0,0.021766747530480513,0,0,True,False,False,False,False,False,False,True,True,False,False,False
R0342,1.2128873950240735,-0.07607679908657212,-0.8819846737898859,-0.28513763035165324,-0.2018825332779839,-0.032617737352174214,0,-0.14859085854214116,0,0,False,False,False,True,False,True,False,False,True,False,False,False
R0343,-1.0668867733702492,1.4497405159632235,2.0684680471968284,-0.34958074240419457,-0.06121934073672916,-0.4027643955865397,0,-0.25696612210081915,0,1,False,False,False,True,False,False,True,False,False,False,True,False
R0344,-0.33410221924350253,-0.07607679908657212,-0.5941356278399625,-0.10993291945880672,-0.13594666177427073,0.05991892720641715,0,-0.05919898200147227,0,0,False,False,True,False,False,True,False,False,True,False,False,False
R0345,-0.9040457613420831,-0.3303796849282046,1.9965057857093478,-0.4905500500191285,-0.43925167069135124,0.8002122436751481,0,-0.18326907533263312,0,0,False,False,False,True,False,False,True,False,True,False,False,False
R0346,1.4408648118635057,-0.07607679908657212,0.4133360329847692,0.6895644394430331,0.562973576165089,-0.8654477183794965,0,0.011097409107581552,0,0,False,True,False,False,False,True,False,False,True,False,False,False
R0347,-1.0668867733702492,0.057766825040602945,0.12548698703484587,-0.27305454684180175,-0.11836376270661378,-1.3281310411724534,0,-0.18246695583148806,0,0,True,False,False,False,False,False,False,True,True,False,False,False
R0348,2.0108083539620867,-0.263457872864617,-1.7455318116396559,-0.08173905793581998,-0.11396803793969966,-0.3102277310279483,0,-0.053164799058396967,0,0,False,False,True,False,False,True,False,False,True,False,False,False
R0349,1.1314668890099906,0.3120697108822354,-0.30628658189003927,0.4096396714648071,0.2640642920149226,1.3554322310266962,0,0.020329317227054947,0,0,True,False,False,False,False,False,True,False,False,False,False,True
R0350,-0.20382940962096968,0.24514789881864787,-1.3857205042022518,0.27068421110151497,0.09702675087218252,-1.4206677057310448,0,0.03736575578795951,0,0,True,False,False,False,False,False,True,False,False,False,False,True
R0351,1.033762281793091,0.17153390554870196,0.2694115100098077,1.4125356027824802,1.3805783828111324,-1.1430577120552707,0,-0.012965769190239156,0,0,True,False,False,False,False,False,False,True,False,False,False,True
R0352,0.38239823368042725,0.33214625450131147,0.3413737714972886,-0.573117787336447,-0.4040858725560376,-1.975887693082593,0,-0.29298688047818244,0,0,True,False,False,False,False,False,True,False,False,False,False,True
R0353,-0.5132273324744853,2.292955347964427,1.6366944782719437,-0.2227083655507539,-0.13155093700735646,-0.4027643955865397,0,-0.14094493517457196,0,1,False,False,True,False,False,True,False,False,False,False,True,False
R0354,-1.1320231781815155,0.6667553148192492,0.05352472554736497,-0.37576075667553943,-0.557936239398035,1.1703589019095135,0,0.0911659442721542,0,0,False,False,False,True,False,False,False,True,False,False,False,True
R0355,-1.034318570964616,-0.23668914803918212,-0.5221733663524817,-0.16027910074985458,-0.17111245990958446,0.522602249999374,0,-0.07338435240464451,0,0,False,False,True,False,False,False,True,False,False,False,False,True
R0356,1.538569419080405,0.17822608675506033,-0.16236205891507743,-0.48853620276748655,-0.496396092661236,-0.6803743892623138,0,-0.1334271565838903,0,0,True,False,False,False,False,False,True,False,True,False,False,False
R0357,0.9686258769818248,-2.1038077046132746,-0.37824884337751985,-0.3012484083647886,-0.4040858725560376,-1.235594376613862,0,-0.012311459981826357,0,0,False,False,False,True,False,True,False,False,True,False,False,False
R0358,1.7502627347170212,-0.29691877889641083,-0.01843753594011562,-0.3374976588943431,-0.38650297348838075,-0.21769106646935696,0,-0.06556663716022969,0,0,True,False,False,False,False,False,False,True,True,False,False,False
R0359,-0.2689658144322364,0.8474442073909357,-1.3857205042022518,-0.4724254247543513,-0.48760464312740764,-0.49530106014513103,0,-0.12201990807266395,0,0,False,True,False,False,False,False,True,False,True,False,False,False
R0360,-0.9366139637477162,-0.015847168229343442,0.12548698703484587,-0.546937773065102,-0.43046022115752286,-0.5878377247037224,0,-0.25069013414797603,0,0,False,False,False,True,False,False,True,False,True,False,False,False
R0361,1.6037058238916722,0.6533709524065324,-0.30628658189003927,0.8023398855349804,0.5365992275636037,0.15245559176500853,0,0.06565694775584101,0,0,False,False,True,False,False,False,True,False,True,False,False,False
R0362,0.6592279541283091,-1.0999805236594613,0.557260555959731,0.7117167592110942,0.457476181759148,-1.235594376613862,0,0.06394044437909323,0,0,False,False,False,True,False,False,False,True,True,False,False,False
R0363,1.066330484198724,0.30537752967587706,0.1974492485223268,0.07131333318896543,-0.13594666177427073,1.1703589019095135,0,0.0684693516270785,0,0,False,True,False,False,False,True,False,False,True,False,False,False
R0364,-0.5295114336773015,0.4124524289776167,-0.09039979742759652,-0.2468745325704569,-0.12275948747352806,0.8927489082337394,0,-0.16225024206882568,0,1,True,False,False,False,False,False,True,False,False,False,True,False
R0365,-1.1320231781815155,0.3589149793267469,0.05352472554736497,0.20019955729404804,0.1981284205112094,-0.032617737352174214,0,-0.051534647544832876,0,0,False,False,False,True,False,False,False,True,True,False,False,False
R0366,1.6037058238916722,-0.5512216647380438,-1.0259091967648475,0.3774181154385365,0.40472748455617735,0.9852855727923309,0,-0.05490284125079725,0,0,True,False,False,False,False,True,False,False,True,False,False,False
R0367,1.2943079010381566,-0.3839171345790749,-0.23432432040255835,0.053188707924188235,0.00032080600006989703,-1.8833510285240016,0,-0.03323275689575514,0,0,False,False,True,False,False,True,False,False,True,False,False,False
R0368,0.2684095252607112,-1.2672850538184302,-1.7455318116396559,2.3026560880082063,1.8860867310062666,-0.9579843829380879,1,0.07094091309609757,0,0,False,False,True,False,False,False,True,False,True,False,False,False
R0369,-0.20382940962096968,0.037690281421526875,0.12548698703484587,-0.5187439115421153,-0.3733157991876381,0.05991892720641715,0,-0.25446368937731384,0,0,True,False,False,False,False,True,False,False,True,False,False,False
R0370,-0.9528980649505331,0.1983026303741364,-0.5221733663524817,-0.1824314205179157,-0.4084815973229518,-0.49530106014513103,0,0.11569572324625527,0,0,False,True,False,False,False,True,False,False,True,False,False,False
R0371,0.3498300312747942,-0.07607679908657212,-0.6660978893274434,-0.4603423412444998,-0.3733157991876381,2.28079887661261,0,-0.19722880357668818,0,0,False,True,False,False,False,False,False,True,False,False,False,True
R0372,-1.2460118866012317,-0.3638405909599984,-1.0259091967648475,-0.45027310498629025,-0.3733157991876381,-1.4206677057310448,0,-0.1873607198179596,0,0,True,False,False,False,False,False,False,True,False,False,False,True
R0373,0.43125053728887713,0.01092155659609148,-0.5221733663524817,-0.432148479721513,-0.7029951567062039,0.4300655854407826,0,0.32380601888418026,0,0,False,False,False,True,False,False,False,True,True,False,False,False
R0374,0.07300031082691225,0.1514573619296259,-0.8100224123024049,0.5506089790797412,0.378353135954692,0.6151389145579653,0,0.031174222450582864,0,0,True,False,False,False,True,False,False,False,True,False,False,False
R0375,1.0011940793874579,0.2585322612313656,-0.8100224123024049,0.027008693652843377,0.03988232890229774,-1.0505210474966793,0,-0.0698624673390294,0,0,False,True,False,False,False,False,True,False,False,False,False,True
R0376,-0.6109319396913845,1.1820532677088733,-0.6660978893274434,-0.4059684654501681,-0.33815000105232446,-0.12515440191076557,0,-0.16805712583513158,0,1,False,False,True,False,False,False,False,True,False,False,True,False
R0377,-0.4155227252575855,-0.7586792821351652,-0.738060150814924,-0.4623561884961417,-0.49200036789432183,-1.975887693082593,1,-0.1055889771037385,0,0,False,False,False,True,False,False,False,True,True,False,False,False
R0378,-0.02470429638998753,-0.4173780406108687,-0.8100224123024049,0.4277642967295843,0.3168129892178931,-0.3102277310279483,0,0.004053344196266314,0,0,False,True,False,False,False,False,True,False,False,False,False,True
R0379,-0.008420195187170708,0.5462960531047918,-1.9614185961020985,-0.5690900928331631,-0.6282678356686624,0.6151389145579653,0,-0.10062026357873542,0,0,False,False,True,False,True,False,False,False,False,False,False,True
R0380,-1.4577052022378474,-0.05600025546749606,0.2694115100098077,-0.2408329908155312,-0.28100557908243967,-1.3281310411724534,0,-0.061607818485029935,0,0,False,False,True,False,False,False,True,False,True,False,False,False
R0381,-2.1742056551617774,0.45260551621576983,2.1404303086843095,-0.5348546895552506,-0.5315618907965498,-1.0505210474966793,0,-0.1594978950874318,0,1,False,False,False,True,False,False,True,False,False,False,True,False
R0382,-0.4318068264604023,-0.37722495337271605,-0.16236205891507743,-0.07771136343253615,-0.24583978094712602,1.7255788892610617,0,0.04546696656612608,0,0,False,False,False,True,False,True,False,False,True,False,False,False
R0383,-1.083170874573066,-0.35714840975364,-1.6016072886646944,1.2413585863929175,1.1344177958639365,-0.49530106014513103,0,0.00539311416698514,0,0,False,True,False,False,False,False,False,True,True,False,False,False
R0384,-1.4414211010350308,0.9612112878990348,0.8451096019096547,-0.19451450402776718,-0.10517658840587127,-0.3102277310279483,0,-0.13514417610971238,0,1,True,False,False,False,False,False,True,False,False,False,True,False
R0385,-1.0994549757758822,-0.8055245505796762,1.7806190012469054,0.004856373884782258,-0.08319796457130021,1.4479688955852876,0,-0.013972683421946427,0,0,False,False,True,False,False,True,False,False,True,False,False,False
R0386,0.594091549317043,-0.8523698190241876,0.2694115100098077,-0.5046469807806219,-0.24144405618021172,0.3375289208821913,0,-0.30197146404433567,0,0,False,False,True,False,False,False,True,False,True,False,False,False
R0387,-0.6597842432998343,-1.0263665303895153,0.12548698703484587,-0.2811099358483694,-0.47881319359357916,-0.032617737352174214,0,0.0968400924334232,0,0,False,True,False,False,False,True,False,False,True,False,False,False
R0388,-0.10612480240407049,0.6332944087874554,0.4852982944722501,-0.2690268523385179,-0.4172730468567802,0.15245559176500853,0,0.03513373117962363,0,0,False,False,False,True,False,True,False,False,False,False,False,True
R0389,1.1803191926184404,-0.544529483531685,-0.23432432040255835,-0.3374976588943431,-0.3249628267515818,0.4300655854407826,0,-0.11428391700332137,0,0,True,False,False,False,False,False,True,False,True,False,False,False
R0390,-2.30447846478431,-0.13630642994380082,-0.8100224123024049,-0.5147162170388315,-0.5271661660296355,0.9852855727923309,0,-0.1371772026060953,0,0,False,False,False,True,False,True,False,False,True,False,False,False
R0391,-1.0506026721674329,-0.4842998526744562,-1.7455318116396559,-0.2992345611131467,0.04427805366921201,0.15245559176500853,0,-0.26143487644463886,0,0,False,False,True,False,False,True,False,False,False,False,False,True
R0392,2.3039221756127852,1.155284542883439,0.12548698703484587,0.10957643097016188,0.14537972330823892,2.095725547495427,0,-0.07444825518488252,0,0,False,False,False,True,False,False,True,False,False,False,False,True
R0393,-0.31781811804068627,-0.07607679908657212,0.4133360329847692,0.36734887918032694,0.24208566818035154,-0.7729110538209052,0,0.010625697349970218,0,0,False,False,False,True,False,False,False,True,True,False,False,False
R0394,0.594091549317043,-0.5913747519761964,1.6366944782719437,-0.025351334889846346,0.00032080600006989703,0.8927489082337394,0,-0.08086506791770766,0,0,False,True,False,False,False,False,True,False,True,False,False,False
R0395,0.9686258769818248,-1.3810521343265292,-0.01843753594011562,0.14582568149971628,0.14098399854132462,-1.513204370289636,0,-0.053224437761077374,0,0,False,False,False,True,False,False,True,False,True,False,False,False
R0396,-0.7574888505167341,1.0549018247880577,0.3413737714972886,1.2091370303666469,1.0069417776234244,-0.12515440191076557,1,0.033570829750247534,0,0,False,False,False,True,False,False,False,True,False,False,False,True
R0397,-0.07355659999843742,-1.5550488456918568,-1.1698337197398092,0.9392814986466305,0.5497864018643461,-0.49530106014513103,0,0.11327555607296082,0,0,False,False,True,False,False,True,False,False,True,False,False,False
R0398,-0.2201135108237865,0.9745956503117524,-0.30628658189003927,0.572761298847802,0.5761607504658315,1.8181155538196532,0,-0.03857008741516402,0,0,False,False,True,False,False,False,True,False,False,False,False,True
R0399,0.594091549317043,1.0950549120262099,1.4927699552969818,0.08742411120210077,-0.01286636830067277,-0.7729110538209052,0,-0.004675576488188132,0,0,False,False,True,False,False,True,False,False,False,False,False,True
R0400,-0.2689658144322364,-0.32368750372184624,0.8451096019096547,-0.21062528204090242,-0.24583978094712602,-0.7729110538209052,0,-0.06217196382249633,0,0,False,False,True,False,False,False,True,False,True,False,False,False
R0401,-1.0180344697617991,0.7671380329146305,0.4852982944722501,0.15992261226120974,0.3695616864208636,0.05991892720641715,0,-0.1369274187839363,0,1,True,False,False,False,False,False,True,False,False,False,True,False
R0402,1.9619560503536364,-0.18984387959467114,-0.5221733663524817,-0.48853620276748655,-0.4480431202251797,0.6151389145579653,0,-0.1743935684325228,0,0,False,True,False,False,False,True,False,False,True,False,False,False
R0403,-0.2689658144322364,0.23845571761228948,-0.01843753594011562,-0.3596499786624041,-0.5711234136987776,0.6151389145579653,0,0.13637609252484542,0,0,False,True,False,False,False,False,True,False,False,False,False,True
R0404,0.6592279541283091,-1.7758908255016956,-0.9539469352773667,-0.5670762455815213,-0.5227704412627213,-0.7729110538209052,0,-0.20956390827509883,0,0,False,False,False,True,False,True,False,False,True,False,False,False
R0405,2.2550698720043356,-0.29691877889641083,-0.16236205891507743,0.06929948593732356,0.07944385180452573,-0.6803743892623138,0,-0.06533224173595589,0,0,False,False,True,False,False,True,False,False,True,False,False,False
R0406,0.6592279541283091,-0.6917574700715777,-1.1698337197398092,1.2373308918896337,0.9278187318189685,-0.7729110538209052,0,0.06797253681111504,0,0,False,False,True,False,True,False,False,False,True,False,False,False
R0407,-0.9040457613420831,0.8474442073909357,0.12548698703484587,-0.04146211290298167,-0.021657817834501162,-0.032617737352174214,0,-0.0793187825916598,0,0,False,False,False,True,False,False,True,False,False,False,False,True
R0408,1.1151827878071738,0.4392211538030521,0.8451096019096547,-0.6617270664086912,-0.1623210103757559,-0.8654477183794965,0,-0.4434852421493468,0,1,False,False,False,True,False,True,False,False,False,False,True,False
R0409,0.6592279541283091,0.6266022275810971,1.4208076938095013,-0.1703483370080642,-0.11836376270661378,-0.8654477183794965,0,-0.1115980032866599,0,0,False,True,False,False,True,False,False,False,True,False,False,False
R0410,0.23584132285507814,-0.13630642994380082,0.4852982944722501,-0.19048680952448335,-0.06561506550364328,1.540505560143879,0,-0.15194948079144516,0,0,False,False,True,False,True,False,False,False,False,False,False,True
R0411,2.3039221756127852,-1.2070554229612014,0.2694115100098077,-0.4905500500191285,-0.39089869825529494,0.8927489082337394,0,-0.21616963300015818,0,0,True,False,False,False,False,False,True,False,True,False,False,False
R0412,-0.6760683445026512,-1.548356664485498,-0.23432432040255835,-0.3254145753844916,-0.22825688187946908,-0.3102277310279483,0,-0.16516618757464374,0,0,False,False,True,False,False,False,False,True,True,False,False,False
R0413,-1.6368303154688297,-1.0799039800403851,0.05352472554736497,0.6170659383839241,0.38274886072160624,1.540505560143879,0,0.05818267012181031,0,0,False,False,False,True,False,False,False,True,True,False,False,False
R0414,0.2521254240578944,-0.5311451211189672,-0.5941356278399625,8.781202696540245,-0.06121934073672916,-0.032617737352174214,0,5.651532502938794,1,0,False,False,True,False,False,False,False,True,True,False,False,False
R0415,0.7243643589395758,-0.13630642994380082,-0.09039979742759652,0.24651804408181197,-0.04363644166907222,-0.6803743892623138,0,0.11538097093221736,0,0,False,False,False,True,False,False,True,False,True,False,False,False
R0416,1.2291714962268898,-0.23668914803918212,1.564732216784463,-0.4361761742247968,-0.619476386134834,-0.6803743892623138,0,0.10680445018004187,0,0,True,False,False,False,False,True,False,False,True,False,False,False
R0417,-0.20382940962096968,-0.7854480069606001,0.12548698703484587,0.7801875657669191,0.457476181759148,2.6509455348469753,0,0.09225912878028855,0,0,False,True,False,False,False,False,True,False,True,False,False,False
R0418,0.04043210842127918,0.7738302141209898,0.7011850789346928,-0.08778059969074568,-0.25463123048095443,-1.235594376613862,0,0.04484426201015882,0,0,True,False,False,False,False,False,False,True,False,False,False,True
R0419,-1.4414211010350308,1.8512713883447487,0.12548698703484587,0.2445041968301701,0.11900537470675358,0.7076755791165568,1,0.010774613123296093,0,1,False,False,False,True,False,False,False,True,False,False,True,False
R0420,1.538569419080405,0.13807299951690818,1.1329586478595777,-0.33951150614598496,-0.14913383607501338,-0.3102277310279483,0,-0.2151479905925381,0,0,True,False,False,False,False,True,False,False,True,False,False,False
R0421,0.6266597517226761,0.2919931672631593,0.4852982944722501,-0.08375290518746185,-0.39969014778912343,-0.4027643955865397,0,0.2061964024506062,0,0,False,True,False,False,False,False,True,False,True,False,False,False
R0422,1.2780237998353396,-0.10284552391200705,0.8451096019096547,-0.5630485510782374,-0.5183747164958071,-1.1430577120552707,0,-0.20794272308616482,0,0,False,False,False,True,False,True,False,False,True,False,False,False
R0423,2.1085129611789855,0.11799645589783211,-0.30628658189003927,-0.12604369747194205,-0.17111245990958446,-0.9579843829380879,0,-0.04822073881988672,0,0,False,False,False,True,False,False,False,True,False,False,False,True
R0424,-1.1320231781815155,-0.99959780556408,-0.738060150814924,0.6110243966289985,0.1805455214435525,0.6151389145579653,0,0.16699319697274817,0,0,True,False,False,False,False,False,False,True,True,False,False,False
R0425,-1.0180344697617991,-0.05600025546749606,-0.30628658189003927,-0.454300799489574,-0.1623210103757559,1.077822237350922,0,-0.29266272328206955,0,0,True,False,False,False,False,False,True,False,False,False,False,True
R0426,-1.9787964407279783,1.857963569551108,0.9170718633971352,0.14179798699643253,0.08383957657143985,-1.975887693082593,0,-0.026959503812444253,0,1,False,False,False,True,False,False,True,False,False,False,True,False
R0427,0.9197735733733748,-0.7452949197224475,0.1974492485223268,-0.3536084369074783,-0.22825688187946908,-0.49530106014513103,0,-0.18746459438384092,0,0,True,False,False,False,False,False,False,True,True,False,False,False
R0428,-0.1712612072153366,-0.83898545661147,-0.738060150814924,-0.19451450402776718,-0.3073799276839249,-0.9579843829380879,0,-0.0001767153435671248,0,0,False,False,False,True,False,False,True,False,True,False,False,False
R0429,0.056716209624095425,-1.3542834095010943,0.7011850789346928,1.4407294643054671,1.3146425113074192,-0.7729110538209052,0,0.010749568607273996,0,0,False,True,False,False,False,True,False,False,True,False,False,False
R0430,0.7406484601423922,-0.7787558257542413,-1.1698337197398092,-0.4482592577346483,-0.39529442302220913,-0.8654477183794965,1,-0.17039948713190428,0,0,False,False,True,False,False,True,False,False,True,False,False,False
R0431,0.5615233469114099,-1.6219706577554445,-1.24179598122729,-0.3475668951525526,-0.22386115711255494,-0.7729110538209052,0,-0.18501991855426117,0,0,False,False,False,True,False,False,True,False,True,False,False,False
R0432,0.7569325613452089,0.700216220851043,0.7011850789346928,-0.30527610286807244,0.022299429834640956,0.15245559176500853,0,-0.25794348733433914,0,0,False,True,False,False,False,True,False,False,False,False,False,True
R0433,-1.5391257082519303,0.5931413215493032,0.1974492485223268,-0.4039546181985262,-0.39089869825529494,0.4300655854407826,0,-0.1287708135609114,0,1,False,False,True,False,False,False,True,False,False,False,True,False
R0434,-0.8551934577336333,0.2183791739932134,1.6366944782719437,0.3794319626901783,0.3036258149171504,2.1882622120540187,0,-0.012290099599748987,0,0,True,False,False,False,False,False,True,False,False,False,False,True
R0435,0.33354593007197736,0.057766825040602945,-1.0259091967648475,9.179944452365342,0.3343958882855499,0.6151389145579653,0,3.9549572087498714,1,0,False,False,False,True,False,False,True,False,False,False,False,True
R0436,1.2780237998353396,-0.972829080738645,-0.16236205891507743,-0.3012484083647886,-0.4084815973229518,0.9852855727923309,0,-0.007913412082310852,0,0,False,False,True,False,False,False,False,True,True,False,False,False
R0437,-1.197159582992782,0.45929769742212817,0.12548698703484587,-0.30930379737135627,-0.21506970757872657,1.1703589019095135,0,-0.15986619679363995,0,0,False,False,False,True,False,False,True,False,False,False,False,True
R0438,-1.2134436841955984,-0.8256010941987527,-1.313758242714771,0.4499166164976454,0.26846001678183673,0.7076755791165568,0,0.03738141310970381,0,0,False,True,False,False,False,True,False,False,True,False,False,False
R0439,-2.2719102623786767,-1.5215879396600631,-0.30628658189003927,-0.04146211290298167,-0.030449267368329553,-0.12515440191076557,0,-0.07464527421825994,0,0,True,False,False,False,False,True,False,False,True,False,False,False
R0440,-1.2785800890068648,-0.5579138459444026,-0.30628658189003927,-0.5590208565749536,-0.7073908814731182,-0.032617737352174214,0,0.06169698124104795,0,0,False,True,False,False,False,False,True,False,False,False,False,True
R0441,0.6917961565339428,-0.9259838122941341,-0.09039979742759652,-0.37978845117882326,-0.4700217440597508,1.1703589019095135,0,-0.02994776992872388,0,0,False,False,False,True,False,True,False,False,True,False,False,False
R0442,0.6103756505198599,-0.2099204232137472,-0.6660978893274434,-0.16632064250478037,-0.28100557908243967,-1.3281310411724534,0,0.0017713458823513722,0,0,False,True,False,False,False,False,False,True,True,False,False,False
R0443,0.5452392457085932,-0.9929056243577216,0.12548698703484587,-0.13007139197522588,-0.26781840478169705,0.9852855727923309,0,0.021184783616504294,0,0,False,False,False,True,False,True,False,False,True,False,False,False
R0444,1.1151827878071738,-1.0263665303895153,1.1329586478595777,-0.33951150614598496,-0.38650297348838075,-1.6057410348482275,0,-0.06758411206201412,0,0,True,False,False,False,True,False,False,False,True,False,False,False
R0445,0.2032731204494451,-0.4909920338808151,-1.1698337197398092,-0.4804808137609189,-0.34254572581923864,0.3375289208821913,0,-0.23468668840982054,0,0,False,False,True,False,False,False,True,False,True,False,False,False
R0446,1.033762281793091,-0.15638297356287736,-0.23432432040255835,-0.50263313352898,-0.26781840478169705,-0.6803743892623138,0,-0.28984259707527393,0,0,False,False,False,True,False,True,False,False,False,False,False,True
R0447,0.6592279541283091,-0.8858307250559815,0.6292228174472115,1.0379600139770844,0.8091341631122849,-1.975887693082593,0,0.044978099411505726,0,0,False,False,False,True,False,True,False,False,True,False,False,False
R0448,-0.1712612072153366,-0.7051418324842949,-0.738060150814924,-0.6536716774021235,-0.6898079824054614,1.7255788892610617,0,-0.17139236609928965,0,0,True,False,False,False,False,False,True,False,True,False,False,False
R0449,0.5126710433029601,-0.02253934943570229,-0.5221733663524817,0.5425535900731735,0.505829154195204,-0.12515440191076557,0,-0.024835132042544644,0,0,True,False,False,False,False,False,True,False,True,False,False,False
R0450,-0.07355659999843742,1.0950549120262099,0.4852982944722501,-0.15222371174328692,-0.12275948747352806,0.05991892720641715,0,-0.09660471257229893,0,0,False,True,False,False,False,False,True,False,False,False,False,True
R0451,2.3039221756127852,-0.29022659769005243,0.7011850789346928,-0.27305454684180175,-0.23265260664638335,1.077822237350922,0,-0.12104719695930352,0,0,False,False,False,True,False,False,True,False,False,False,False,True
R0452,-0.806341154125184,-0.2835344164836936,0.3413737714972886,0.04110562441433683,-0.09638513887204272,-0.4027643955865397,0,0.018926416189133457,0,0,False,False,True,False,False,False,False,True,True,False,False,False
R0453,0.984909978184641,-0.9125994498814164,-0.09039979742759652,-0.3536084369074783,-0.33815000105232446,1.077822237350922,0,-0.11955481826483273,0,0,False,False,True,False,False,False,True,False,True,False,False,False
R0454,1.2780237998353396,0.24514789881864787,-0.5221733663524817,-0.2811099358483694,-0.18429963421032697,-0.12515440191076557,0,-0.15520494191244513,0,0,False,False,False,True,False,False,False,True,False,False,False,True
R0455,0.8220689661564751,1.0883627308198514,0.12548698703484587,1.0299046249705164,0.9322144565858828,-0.6803743892623138,0,0.0019839879995205622,0,0,False,False,True,False,False,False,False,True,False,False,False,True
R0456,1.0500463829959077,-0.22999696683282328,0.4852982944722501,-0.3133314918746401,-0.32935855151849597,-1.1430577120552707,0,-0.08902659868706164,0,1,True,False,False,False,False,False,True,False,False,False,True,False
R0457,-1.4577052022378474,-0.21661260442010605,-2.177305380564541,0.21228264080389944,-0.026053542601415434,0.522602249999374,0,0.0811512035082557,0,0,True,False,False,False,False,False,True,False,True,False,False,False
R0458,0.08928441202972849,-0.07607679908657212,-0.16236205891507743,-0.2831237831000114,-0.19748680851106962,0.522602249999374,0,-0.1495071940288592,0,0,False,True,False,False,False,False,True,False,True,False,False,False
R0459,-0.040988397592803774,-1.093288342453103,0.6292228174472115,-0.6335332048857044,-0.5271661660296355,1.3554322310266962,0,-0.2931887326324409,0,0,False,True,False,False,True,False,False,False,True,False,False,False
R0460,1.3268761034437897,-0.009154987022984592,0.6292228174472115,0.4962351032854094,0.13219254900749625,-0.3102277310279483,0,0.13828604422008317,0,0,True,False,False,False,False,True,False,False,True,False,False,False
R0461,0.38239823368042725,0.32545407329495313,0.4852982944722501,-0.5187439115421153,-0.4612302945259223,0.522602249999374,0,-0.1986002999634945,0,0,True,False,False,False,False,False,False,True,False,False,False,True
R0462,-0.5132273324744853,0.19161044916777803,-0.09039979742759652,-0.047503654657907464,-0.17111245990958446,1.077822237350922,0,0.009507551168675427,0,0,False,False,True,False,False,False,True,False,False,False,False,True
R0463,-0.6435001420970181,-0.8724463626432637,-0.01843753594011562,-0.36569152041732983,-0.12275948747352806,-1.7908143639654102,0,-0.24465633228786973,0,0,False,False,True,False,False,False,True,False,True,False,False,False
R0464,-0.8714775589364502,1.9181932004083364,2.1404303086843095,-0.23881914356388925,-0.11396803793969966,0.3375289208821913,0,-0.16100241690505102,0,1,False,False,False,True,False,False,True,False,False,False,True,False
R0465,0.7080802577367591,-1.9365031744543055,-0.37824884337751985,-0.1461821699883612,-0.10517658840587127,-1.0505210474966793,0,-0.10229684605050737,0,0,False,False,False,True,False,True,False,False,True,False,False,False
R0466,-0.6435001420970181,-0.564606027150761,-1.3857205042022518,0.7016475229528847,0.7519897411424,0.7076755791165568,0,-0.0497084651530554,0,0,False,False,False,True,False,False,True,False,True,False,False,False
R0467,-0.2363976120266033,1.6170450461221924,1.2768831708345394,-0.18444526776955755,-0.23265260664638335,-0.49530106014513103,0,-0.050554250391068395,0,1,False,False,True,False,False,False,False,True,False,False,True,False
R0468,-0.44809092766321856,0.15814954313598426,1.060996386372097,0.435819685736152,0.3168129892178931,-1.0505210474966793,0,0.007746349101227808,0,0,False,False,True,False,False,True,False,False,True,False,False,False
R0469,0.2032731204494451,-0.99959780556408,1.2768831708345394,-0.5811731763430146,-0.1623210103757559,0.05991892720641715,0,-0.3849133901620547,0,0,False,False,True,False,False,False,False,True,True,False,False,False
R0470,0.5289551445057769,-1.9565797180733822,-0.16236205891507743,0.8969907063621501,0.6201179981349736,0.6151389145579653,0,0.066910519714642,0,0,False,False,False,True,False,False,True,False,True,False,False,False
R0471,-1.311148291412498,-1.360975590707453,1.564732216784463,0.6029690076224309,-0.1623210103757559,-0.9579843829380879,0,0.4760928340511399,0,0,False,False,True,False,False,False,False,True,True,False,False,False
R0472,-1.2622959878040483,-0.9594447183259278,-1.6016072886646944,-0.36166382591404594,-0.4568345697590081,-0.3102277310279483,0,-0.02331833921697757,0,0,False,False,True,False,False,False,True,False,True,False,False,False
R0473,-1.148307279384332,-0.5980669331825548,0.3413737714972886,-0.5127023697871895,-0.4656260192928366,-1.4206677057310448,0,-0.18832222541496382,0,0,True,False,False,False,False,False,False,True,True,False,False,False
R0474,-1.0668867733702492,-0.8791385438496226,0.7011850789346928,-0.43416232697315493,-0.6985994319392898,0.2449922563235999,0,0.3053650373600561,0,0,False,False,True,False,False,True,False,False,True,False,False,False
R0475,-0.28524991563505264,-0.9125994498814164,2.4282793546342325,0.10152104196359421,-0.16671673514267019,-0.49530106014513103,0,0.11524273511861972,0,0,False,False,False,True,False,True,False,False,True,False,False,False
R0476,1.3920125082550558,-0.07607679908657212,-2.10534311907706,-0.33346996439105925,-0.5271661660296355,-0.5878377247037224,0,0.10080648726460138,0,0,True,False,False,False,False,False,False,True,False,False,False,True
R0477,0.8709212697649249,-0.21661260442010605,0.7011850789346928,-0.5368685368068925,-0.6634336338039761,1.077822237350922,0,0.013619252734812258,0,0,False,False,True,False,False,False,True,False,True,False,False,False
R0478,-1.2785800890068648,1.6772746769794216,1.2768831708345394,-0.4200653962116615,-0.2634226800147828,-1.3281310411724534,0,-0.22314009099224533,0,1,False,True,False,False,False,False,False,True,False,False,True,False
R0479,0.39868233488324406,-0.8590620002305466,-1.313758242714771,-0.385829992933749,-0.1623210103757559,0.8002122436751481,0,-0.2428766490928712,0,0,True,False,False,False,False,False,False,True,True,False,False,False
R0480,0.44753463849169395,-0.9259838122941341,-1.7455318116396559,-0.4361761742247968,-0.6018934870671772,-0.9579843829380879,0,0.07467132752427945,0,0,False,True,False,False,False,False,True,False,True,False,False,False
R0481,-0.28524991563505264,-0.07607679908657212,1.1329586478595777,-0.4301346324698711,-0.5271661660296355,-0.3102277310279483,0,-0.02611814733310356,0,1,False,False,True,False,False,True,False,False,False,False,True,False
R0482,1.2291714962268898,0.27191662364408326,0.7011850789346928,0.1679780012677774,0.26846001678183673,-0.032617737352174214,0,-0.09688012084708209,0,0,False,True,False,False,False,False,True,False,True,False,False,False
R0483,0.1055685132325453,0.14476518072326655,-0.09039979742759652,-0.08375290518746185,-0.0392407169021581,1.540505560143879,1,-0.09661123927039962,0,0,True,False,False,False,False,False,True,False,True,False,False,False
R0484,1.147750990212807,-0.564606027150761,-1.0978714582523283,0.006870221136424308,-0.1623210103757559,-0.5878377247037224,0,0.04266112934517798,0,0,False,False,False,True,False,False,False,True,True,False,False,False
R0485,1.1640350914156237,0.947826925486317,0.1974492485223268,-0.1401406282334355,-0.16671673514267019,0.522602249999374,0,-0.06142263465926691,0,0,False,False,True,False,False,False,True,False,False,False,False,True
R0486,0.44753463849169395,-0.3103031413091285,-0.30628658189003927,-0.12000215571701635,-0.39089869825529494,-0.032617737352174214,0,0.15781601297243253,0,0,False,False,True,False,False,False,False,True,True,False,False,False
R0487,0.7569325613452089,1.2021298113279495,0.557260555959731,1.2111508776182889,0.9717759794881106,1.540505560143879,0,0.04531269291487296,0,0,False,False,True,False,False,False,True,False,False,False,False,True
R0488,-1.1808754817899654,-0.3437640473409223,-0.37824884337751985,1.1265692930493285,0.730011117307829,-1.235594376613862,0,0.10489183995275601,0,0,False,True,False,False,False,True,False,False,True,False,False,False
R0489,0.5778074481142262,-1.3074381410565827,0.557260555959731,0.01693945739463384,-0.17550818467649856,0.2449922563235999,0,0.060376714085596715,0,0,False,True,False,False,False,False,False,True,True,False,False,False
R0490,-0.6435001420970181,0.9076738382481648,0.1974492485223268,0.16999184851941926,-0.017262093067587043,-1.1430577120552707,0,0.0489596093191539,0,0,False,True,False,False,False,False,True,False,False,False,False,True
R0491,0.7080802577367591,0.700216220851043,1.852581262734386,-0.5348546895552506,-0.5843105879995203,-0.8654477183794965,0,-0.10288992284324294,0,1,False,False,False,True,False,False,True,False,False,False,True,False
R0492,0.7732166625480258,-1.227131966580278,-0.8819846737898859,0.0431194716659787,0.16735834714280998,-0.3102277310279483,0,-0.11864709750718065,0,0,True,False,False,False,False,False,True,False,True,False,False,False
R0493,-0.96918216615335,-0.25007351045189985,-1.7455318116396559,-0.5610347038265955,-0.7997011015783168,0.3375289208821913,0,0.38580646708536276,0,0,False,True,False,False,False,True,False,False,True,False,False,False
R0494,-0.5946478384885682,-0.43076240302358587,0.12548698703484587,0.15186722325464205,0.026695154601555072,0.15245559176500853,0,0.010612862733790668,0,0,False,False,False,True,False,False,True,False,True,False,False,False
R0495,-0.30153401683786946,0.9545191066926764,-0.45021110486500077,-0.41201000720509384,-0.3073799276839249,-1.975887693082593,0,-0.1924302059842083,0,0,True,False,False,False,False,False,True,False,False,True,False,False
R0496,-0.4806591300688522,0.13807299951690818,0.8451096019096547,-0.41603770170837767,-0.14913383607501338,-0.5878377247037224,0,-0.2699080236409747,0,0,False,True,False,False,False,False,True,False,False,False,False,True
R0497,0.3498300312747942,1.4765092407886589,1.6366944782719437,0.33109962865077236,0.272855741548751,-0.7729110538209052,0,-0.02118218932097045,0,1,False,False,False,True,False,False,False,True,False,False,True,False
R0498,-1.473989303440664,1.0281330999626224,0.2694115100098077,0.3411688649089821,0.5278077780297751,0.15245559176500853,0,-0.11239205317511723,0,0,False,False,False,True,False,False,True,False,False,False,False,True
R0499,0.2032731204494451,-0.43076240302358587,0.6292228174472115,0.2203380298104671,-0.004074918766844377,-0.6803743892623138,0,0.07107639267414805,0,0,False,False,False,True,False,False,False,True,True,False,False,False
R0500,0.5615233469114099,-0.698449651277936,-1.5296450271772133,-0.5630485510782374,-0.24144405618021172,0.05991892720641715,0,-0.348985834523421,0,0,False,False,True,False,False,False,True,False,True,False,False,False
R0501,-0.9854662673561662,1.4765092407886589,-0.01843753594011562,-0.41603770170837767,-0.34694145058615283,0.7076755791165568,0,-0.1717362538666393,0,0,True,False,False,False,False,False,True,False,False,False,False,True
R0502,0.6917961565339428,-0.13630642994380082,1.852581262734386,-0.5549931620716697,-0.4524388449920939,0.05991892720641715,0,-0.24587845650721998,0,0,True,False,False,False,False,False,False,True,True,False,False,False
R0503,-0.724920648111101,2.118958636599099,0.8451096019096547,-0.23680529631224737,-0.026053542601415434,-1.698277699406819,0,-0.19873857491673322,0,1,False,True,False,False,False,False,True,False,False,False,True,False
R0504,1.3268761034437897,-1.0531352552149502,0.6292228174472115,-0.4623561884961417,-0.7513481291422603,-0.9579843829380879,0,0.4372889821095588,0,0,True,False,False,False,False,False,False,True,True,False,False,False
R0505,1.0500463829959077,1.2088219925343089,0.4852982944722501,-0.0756975161808942,8.598358450084268,-0.9579843829380879,0,-0.5356855087436614,0,0,False,False,True,False,False,False,True,False,False,False,False,True
R0506,1.4245807106606894,1.8981166567892602,0.4133360329847692,0.15992261226120974,0.14537972330823892,1.540505560143879,0,-0.04785068567893442,0,0,False,True,False,False,True,False,False,False,False,False,False,True
R0507,0.5289551445057769,-1.4145130403583228,-1.6735695501521752,-0.5187439115421153,-0.42606449639060867,-0.6803743892623138,0,-0.22307378484954865,0,0,False,True,False,False,False,False,False,True,True,False,False,False
R0508,-1.0668867733702492,1.135207999264362,0.4133360329847692,-0.2811099358483694,-0.14913383607501338,0.9852855727923309,0,-0.1733574390555733,0,1,True,False,False,False,False,False,False,True,False,False,True,False
R0509,-0.008420195187170708,-0.16307515476923573,-0.23432432040255835,11.86037514430073,-0.5183747164958071,-1.0505210474966793,0,15.793803565767782,1,0,False,False,False,True,False,False,True,False,False,False,False,True
R0510,0.7732166625480258,0.0510746438342441,0.05352472554736497,-0.18041757326627372,-0.28100557908243967,-1.698277699406819,0,-0.010219306835801809,0,0,False,False,True,False,False,True,False,False,True,False,False,False
R0511,-0.2363976120266033,1.248975079772461,-0.45021110486500077,-0.17236218425970606,-0.12275948747352806,-0.8654477183794965,0,-0.11057184650773016,0,0,False,False,True,False,False,False,True,False,False,False,False,True
R0512,0.6429438529254929,-0.40399367819815096,-0.45021110486500077,-0.3294422698877754,-0.1535295608419275,0.2449922563235999,0,-0.2059421115764166,0,0,False,False,False,True,False,False,False,True,False,False,False,True
R0513,-1.4251369998322143,0.9612112878990348,-0.30628658189003927,-0.5207577587937572,-0.23704833141329762,0.522602249999374,1,-0.3165333523094349,0,0,False,False,True,False,False,False,True,False,False,False,False,True
R0514,0.33354593007197736,-0.45083894664266244,-0.23432432040255835,0.16999184851941926,0.37395741118777787,-1.3281310411724534,0,-0.13395772628208688,0,0,False,True,False,False,False,True,False,False,True,False,False,False
R0515,1.033762281793091,-0.9059072686750576,0.05352472554736497,-0.5449239258134602,-0.43046022115752286,-0.5878377247037224,0,-0.24851126125404877,0,0,False,False,False,True,False,False,True,False,True,False,False,False
R0516,0.6592279541283091,0.7872145765337075,0.9890341248846158,-0.23277760180896354,-0.4656260192928366,-0.21769106646935696,0,0.13524971075585904,0,0,False,False,True,False,False,False,True,False,False,False,False,True
R0517,0.5452392457085932,-0.3303796849282046,0.05352472554736497,0.12568720898329722,-0.03484499213524383,-1.1430577120552707,0,0.03286737083846565,0,0,False,False,True,False,False,True,False,False,True,False,False,False
R0518,-0.2363976120266033,0.740369308089196,-0.8100224123024049,-0.36770536766897177,-0.6062892118340913,0.05991892720641715,0,0.19136472533173848,0,0,False,True,False,False,False,True,False,False,False,True,False,False
R0519,1.0500463829959077,-2.3179575032167548,0.7731473404221734,-0.5509654675683859,-0.6414550099694051,0.522602249999374,0,-0.04995085740096246,0,0,True,False,False,False,False,False,False,True,True,False,False,False
R0520,-0.20382940962096968,-1.548356664485498,0.9890341248846158,1.132610834804254,0.7475940163754857,1.262895566468105,1,0.09995870821671607,0,0,False,True,False,False,False,False,False,True,True,False,False,False
R0521,0.43125053728887713,-1.9967328053115347,1.2768831708345394,-0.3234007281328496,-0.25463123048095443,-1.975887693082593,0,-0.14828310813339443,0,0,False,True,False,False,False,False,True,False,True,False,False,False
R0522,-0.6435001420970181,0.7336771268828367,0.557260555959731,-0.3415253533976269,-0.026053542601415434,-0.3102277310279483,0,-0.26400435284543017,0,0,False,False,False,True,False,False,False,True,False,False,False,True
R0523,0.39868233488324406,-0.9059072686750576,-0.16236205891507743,0.31096115613435327,0.2992300901502363,1.1703589019095135,0,-0.04214728933126727,0,0,True,False,False,False,False,False,False,True,False,False,False,True
R0524,0.056716209624095425,0.4459133350094105,1.34884543232202,-0.48853620276748655,-0.619476386134834,-0.4027643955865397,0,0.02044668304268064,0,0,False,False,False,True,False,False,True,False,False,False,False,True
R0525,0.7243643589395758,-1.1735945169294077,0.8451096019096547,-0.3133314918746401,-0.39969014778912343,1.3554322310266962,0,-0.029022830416542102,0,0,False,False,False,True,False,True,False,False,False,True,False,False
R0526,-0.08984070120125366,-1.822736093946207,0.2694115100098077,-0.4301346324698711,-0.496396092661236,0.9852855727923309,0,-0.06162339076128715,0,0,False,False,True,False,False,False,True,False,False,True,False,False
R0527,0.02414800721846236,0.9009816570418056,-1.313758242714771,-0.3415253533976269,-0.1623210103757559,-1.235594376613862,0,-0.2106621304998606,0,0,False,False,True,False,False,False,True,False,False,False,False,True
R0528,1.4082966094578726,0.41914461018397603,-1.0259091967648475,-0.5932562598528661,-0.6502464595032335,-0.3102277310279483,0,-0.11196855990127327,0,0,False,False,True,False,False,False,True,False,True,False,False,False
R0529,-0.2689658144322364,1.0549018247880577,0.2694115100098077,-0.24888837982209885,-0.10517658840587127,1.4479688955852876,0,-0.17209742242631815,0,0,False,False,True,False,False,False,False,True,True,False,False,False
R0530,0.8383530673592919,-0.32368750372184624,-1.0978714582523283,-0.18847296227284138,-0.4084815973229518,2.558408870288384,0,0.10941051297531125,0,0,False,False,False,True,False,False,True,False,True,False,False,False
R0531,-0.6923524457054674,-0.1095377051183659,0.1974492485223268,-0.1763898787629899,-0.11396803793969966,-1.6057410348482275,0,-0.11814387647881668,0,1,False,False,False,True,False,False,False,True,False,False,True,False
R0532,-0.35038632044631934,0.8340598449782181,1.1329586478595777,-0.2065975875376186,-0.17550818467649856,-0.7729110538209052,0,-0.10482471434741339,0,1,False,False,True,False,False,True,False,False,False,False,True,False
R0533,0.5289551445057769,0.9277503818672409,-0.09039979742759652,-0.10993291945880672,-0.07001079027055755,-0.21769106646935696,0,-0.09723222148823857,0,0,False,False,True,False,False,True,False,False,True,False,False,False
R0534,-0.25268171322941957,-0.5913747519761964,-0.6660978893274434,-0.3898576874370328,-0.38650297348838075,0.522602249999374,0,-0.11802098460662677,0,0,False,True,False,False,False,False,False,True,True,False,False,False
R0535,-0.15497710601252038,-0.43745458422994477,0.9890341248846158,-0.30527610286807244,-0.5271661660296355,-1.975887693082593,0,0.13782617235559863,0,0,False,False,True,False,False,False,False,True,True,False,False,False
R0536,-0.9854662673561662,1.4497405159632235,-0.9539469352773667,-0.08778059969074568,-0.16671673514267019,1.7255788892610617,0,-0.023145137874058138,0,0,True,False,False,False,False,True,False,False,False,False,False,True
R0537,-1.8648077323082621,-0.07607679908657212,0.12548698703484587,0.12971490348658093,0.2552728424810942,1.540505560143879,0,-0.11009467751918883,0,0,True,False,False,False,False,False,True,False,True,False,False,False
R0538,-0.15497710601252038,0.5529882343111511,0.3413737714972886,-0.19048680952448335,-0.22386115711255494,0.15245559176500853,0,-0.06150822834617478,0,0,True,False,False,False,False,False,True,False,False,False,False,True
R0539,-0.44809092766321856,0.1514573619296259,-0.37824884337751985,0.2082549463006157,0.17175407190972408,-0.12515440191076557,0,-0.03518130905930721,0,0,False,True,False,False,False,False,True,False,False,False,False,True
R0540,0.5126710433029601,0.606525683962021,-1.0978714582523283,0.15992261226120974,0.21131559481195208,-0.21769106646935696,0,-0.07753003999110684,0,0,False,True,False,False,False,False,False,True,False,False,False,True
R0541,0.675512055331126,-1.7022768322317492,-1.24179598122729,-0.42207924346330344,-0.4216687716236945,-0.21769106646935696,0,-0.12297730090077451,0,0,False,True,False,False,False,False,True,False,True,False,False,False
R0542,-0.28524991563505264,-0.30361096010276967,0.2694115100098077,0.07936872219553309,-0.021657817834501162,-1.975887693082593,0,-0.004357559176730948,0,0,False,True,False,False,False,True,False,False,True,False,False,False
R0543,-0.4318068264604023,0.854136388597295,2.0684680471968284,-0.49256389727077043,-0.6414550099694051,2.003188882936836,0,0.052625950917041975,0,1,False,False,False,True,False,False,True,False,False,False,True,False
R0544,1.8805355443395535,-0.23668914803918212,-1.0259091967648475,0.17603339027434506,0.09263102610526824,0.8927489082337394,0,-0.012550042610056355,0,0,False,False,False,True,False,False,True,False,True,False,False,False
R0545,-1.034318570964616,-0.7051418324842949,-0.8819846737898859,-0.015282098631636811,-0.10957231317278539,0.4300655854407826,0,-0.010452890979662016,0,0,False,True,False,False,True,False,False,False,True,False,False,False
R0546,0.33354593007197736,-0.25007351045189985,-0.9539469352773667,-0.5066608280322639,-0.5095832669619788,-0.3102277310279483,0,-0.14370136606672493,0,0,False,True,False,False,False,True,False,False,True,False,False,False
R0547,0.366114132477611,0.2518400800250072,-1.0259091967648475,-0.2509022270737407,-0.351337175353067,-0.49530106014513103,0,-0.012674935014844223,0,0,False,False,True,False,False,True,False,False,False,False,False,True
R0548,-1.0994549757758822,-0.06269243667385443,1.7806190012469054,-0.6556855246537654,-0.6722250833378045,1.540505560143879,0,-0.19886408602813457,0,1,True,False,False,False,False,True,False,False,False,False,True,False
R0549,-1.083170874573066,-0.5244529399126089,1.34884543232202,-0.5408962313101764,-0.38210724872146656,-1.975887693082593,0,-0.2716457646278059,0,0,False,False,False,True,False,False,False,True,False,False,False,True
R0550,1.1640350914156237,1.3962030663123537,-0.5221733663524817,-0.24486068531881502,-0.1623210103757559,-0.6803743892623138,0,-0.14037590811511,0,0,False,False,False,True,False,False,False,True,False,True,False,False
R0551,-2.1253533515533274,1.9650384688528477,1.34884543232202,-0.2065975875376186,0.009112255533898288,0.4300655854407826,0,-0.19428153589408115,0,1,False,False,False,True,False,False,True,False,False,False,True,False
R0552,0.480102840897327,2.0921899117736644,0.9170718633971352,-0.42812078521822916,-0.3601286248868955,0.3375289208821913,0,-0.17455320685450326,0,1,False,False,True,False,True,False,False,False,False,False,True,False
R0553,-0.28524991563505264,-0.7787558257542413,-2.177305380564541,-0.478466966509277,-0.24583978094712602,0.522602249999374,0,-0.27908071748441754,0,0,False,False,False,True,False,False,False,True,True,False,False,False
R0554,0.9686258769818248,-1.1334414296912552,-1.0259091967648475,-0.28916532485493707,-0.33815000105232446,1.7255788892610617,0,-0.05985967048600357,0,0,False,False,False,True,True,False,False,False,False,True,False,False
R0555,0.1544208168409952,0.057766825040602945,-1.0978714582523283,0.3995704352065976,0.2904386406164078,0.2449922563235999,0,0.0030693947925222983,0,0,True,False,False,False,False,False,False,True,False,False,False,True
R0556,1.2617396986325236,-0.537837302325326,0.9170718633971352,0.411653518716449,0.29483436538332203,-0.12515440191076557,0,0.006679834753674176,0,0,True,False,False,False,False,False,False,True,True,False,False,False
R0557,1.538569419080405,0.17822608675506033,0.4852982944722501,-0.15423755899492886,-0.10517658840587127,-1.8833510285240016,0,-0.10777140106037486,0,0,False,False,False,True,False,True,False,False,True,False,False,False
R0558,0.7406484601423922,-1.2338241477866363,1.060996386372097,-0.385829992933749,-0.33375427628541027,-1.0505210474966793,0,-0.15235923089414266,0,0,False,True,False,False,False,False,False,True,False,True,False,False
R0559,0.12185261443536213,-0.9192916310877752,-1.1698337197398092,-0.023337487638204472,-0.07880223980438594,0.9852855727923309,0,-0.03535372033838358,0,0,False,False,True,False,False,False,False,True,True,False,False,False
R0560,0.7732166625480258,-0.4709154902617385,-1.0259091967648475,-0.19451450402776718,-0.06561506550364328,-0.4027643955865397,0,-0.15456831840433854,0,0,False,False,True,False,False,True,False,False,True,False,False,False
R0561,-0.31781811804068627,-0.31699532251548734,-0.5941356278399625,0.35325194841883345,0.4706633560598905,0.05991892720641715,0,-0.08885930193537807,0,0,False,True,False,False,False,False,True,False,True,False,False,False
R0562,-0.6109319396913845,-0.3103031413091285,-0.01843753594011562,0.027008693652843377,0.013507980300812563,-0.49530106014513103,0,-0.05621126681921125,0,0,False,False,False,True,False,False,False,True,True,False,False,False
R0563,-0.5783637372857514,-0.13630642994380082,0.7731473404221734,-0.4845085082642028,-0.5007918174281503,2.003188882936836,0,-0.12429551664061718,0,0,False,False,True,False,False,False,False,True,True,False,False,False
R0564,-0.10612480240407049,0.07115118745332065,-0.37824884337751985,-0.2287499073056797,-0.100780863638957,0.4300655854407826,0,-0.1605392681617353,0,1,False,False,False,True,False,False,False,True,False,False,True,False
R0565,0.13813671563817836,-0.812216731786035,-1.1698337197398092,-0.5771454818397308,-0.6150806613679197,0.05991892720641715,0,-0.13121964571107245,0,0,True,False,False,False,False,False,True,False,True,False,False,False
R0566,0.4963869421001433,-1.4546661275964756,0.4852982944722501,0.17200569577106115,0.1981284205112094,-0.032617737352174214,0,-0.0657623623372684,0,0,True,False,False,False,False,False,True,False,True,False,False,False
R0567,-0.9528980649505331,-1.3275146846756594,-0.6660978893274434,-0.32138688088120776,-0.026053542601415434,0.05991892720641715,0,-0.25145324170529615,0,0,False,True,False,False,False,False,False,True,True,False,False,False
R0568,-0.02470429638998753,-0.07607679908657212,-0.23432432040255835,-0.21666682379582822,-0.34694145058615283,-0.49530106014513103,0,0.015510635455235205,0,0,True,False,False,False,False,True,False,False,True,False,False,False
R0569,-0.3666704216491356,-0.07607679908657212,-0.30628658189003927,-0.29117917210657907,-0.1623210103757559,-1.513204370289636,0,-0.174054723007803,0,0,False,False,True,False,False,False,True,False,True,False,False,False
R0570,-1.8973759347138954,0.5329116906920741,-1.5296450271772133,-0.3274284226361334,-0.2106739828118123,-0.3102277310279483,0,-0.1762971881981736,0,0,False,False,False,True,False,True,False,False,False,False,False,True
R0571,-1.473989303440664,-0.7988323693733174,0.2694115100098077,-0.2005560457826929,-0.21506970757872657,0.4300655854407826,0,-0.07534095521887521,0,0,False,True,False,False,False,False,False,True,True,False,False,False
R0572,0.07300031082691225,-0.24338132924554098,1.060996386372097,-0.019309793134920553,-0.05682361596981488,-0.4027643955865397,0,-0.045824204192766844,0,0,True,False,False,False,False,False,False,True,True,False,False,False
R0573,-0.4806591300688522,-0.9192916310877752,-0.09039979742759652,-0.23277760180896354,-0.2897970286162681,0.522602249999374,0,-0.04801332049884338,0,0,False,False,True,False,False,True,False,False,True,False,False,False
R0574,0.284693626463528,-0.9862134431513627,-1.0978714582523283,0.13374259798986488,0.04867377843612613,0.6151389145579653,1,-0.012569123394121156,0,0,False,False,True,False,False,False,False,True,False,False,False,True
R0575,1.1314668890099906,-0.4106858594045098,-1.3857205042022518,2.137520613373569,1.683883391728213,-0.6803743892623138,0,0.08380640556793413,0,0,False,False,False,True,False,True,False,False,True,False,False,False
R0576,-1.6368303154688297,-0.651604382833425,0.12548698703484587,-0.5247854532970411,-0.33375427628541027,-0.3102277310279483,0,-0.28020126293579367,0,0,False,False,True,False,True,False,False,False,True,False,False,False
R0577,-0.15497710601252038,-0.29691877889641083,0.12548698703484587,-0.3958992291919586,-0.43925167069135124,0.15245559176500853,0,-0.07919689442350555,0,0,False,True,False,False,False,False,True,False,False,False,False,True
R0578,0.2032731204494451,0.8742129322163711,0.8451096019096547,0.19415801553912226,0.378353135954692,-0.12515440191076557,0,-0.12483730757576282,0,1,False,False,False,True,False,False,True,False,False,False,True,False
R0579,1.5548535202832217,-1.0464430740085915,-0.37824884337751985,0.049161013420904495,0.1146096499398393,-0.032617737352174214,0,-0.0929362364302218,0,0,False,False,False,True,False,True,False,False,True,False,False,False
R0580,-0.008420195187170708,0.12468863710419048,-0.23432432040255835,8.791271932798454,-0.5095832669619788,-1.0505210474966793,0,11.608467034940514,1,0,False,False,False,True,False,False,True,False,True,False,False,False
R0581,1.5548535202832217,-0.8456776378178288,-0.5221733663524817,-0.25492992157702454,-0.4524388449920939,-0.7729110538209052,0,0.092300773904408,0,0,False,True,False,False,False,False,False,True,True,False,False,False
R0582,-0.6272160408942012,-1.1869788793421254,-0.8100224123024049,1.6159341751983134,1.349808309442733,0.7076755791165568,0,0.04647935101717979,0,0,True,False,False,False,False,False,False,True,True,False,False,False
R0583,1.2943079010381566,0.0510746438342441,0.557260555959731,-0.19451450402776718,0.026695154601555072,-1.975887693082593,0,-0.19395380634671705,0,0,False,False,False,True,False,False,False,True,True,False,False,False
R0584,-0.057272498795620595,-0.698449651277936,-1.0259091967648475,-0.4764531192576351,-0.6854122576385472,-0.9579843829380879,0,0.1801738505034027,0,0,False,False,True,False,False,False,True,False,True,False,False,False
R0585,0.4963869421001433,-1.1267492484848967,0.1974492485223268,-0.28513763035165324,-0.2634226800147828,-1.4206677057310448,0,-0.11118879966316028,0,0,False,False,True,False,False,True,False,False,False,False,False,True
R0586,2.7110247056832,-1.0999805236594613,0.7731473404221734,0.25860112759166354,0.11900537470675358,-1.3281310411724534,0,0.018400668252041577,0,0,False,False,True,False,False,False,True,False,True,False,False,False
R0587,0.7732166625480258,-0.8925229062623403,0.557260555959731,0.21832418255882524,0.07944385180452573,-0.8654477183794965,0,0.018296697138845904,0,0,True,False,False,False,False,True,False,False,True,False,False,False
R0588,-0.5132273324744853,-0.5712982083571199,-1.24179598122729,-0.2468745325704569,-0.14913383607501338,-0.9579843829380879,0,-0.1488595295339043,0,0,False,False,True,False,False,False,True,False,False,False,False,True
R0589,-1.832239529902629,-0.8256010941987527,0.7011850789346928,-0.23881914356388925,-0.1623210103757559,1.540505560143879,0,-0.13598301921606307,0,0,False,False,False,True,False,True,False,False,True,False,False,False
R0590,-1.2460118866012317,-0.1831516983883123,2.2843548316592717,-0.41201000720509384,-0.4832089183604934,-1.975887693082593,0,-0.053801009193185444,0,1,False,True,False,False,False,False,False,True,False,False,True,False
R0591,0.02414800721846236,0.4258367913903344,0.05352472554736497,-0.45228695223793214,-0.412877322089866,2.28079887661261,0,-0.16179549817325342,0,0,False,False,True,False,False,False,False,True,False,False,False,True
R0592,0.13813671563817836,-0.03592371184841951,0.2694115100098077,0.04110562441433683,-0.06121934073672916,1.6330422247024703,0,-0.004154315030310764,0,0,False,False,False,True,False,False,False,True,False,True,False,False
R0593,0.12185261443536213,-0.07607679908657212,0.9170718633971352,-0.4583284939928579,-0.39089869825529494,-0.6803743892623138,0,-0.18364914204601984,0,0,False,False,False,True,False,False,False,True,True,False,False,False
R0594,1.9619560503536364,0.7202927644701199,-0.37824884337751985,-0.5328408423036087,-0.2766098543155255,-1.1430577120552707,0,-0.31169857517793953,0,0,False,False,False,True,False,False,True,False,True,False,False,False
R0595,0.1544208168409952,-0.07607679908657212,2.2843548316592717,-0.4422177159797226,-0.47881319359357916,-0.21769106646935696,0,-0.09428910878826698,0,1,True,False,False,False,False,False,False,True,False,False,True,False
R0596,0.1544208168409952,-0.5244529399126089,0.4852982944722501,-0.3777746039271813,-0.39529442302220913,0.2449922563235999,0,-0.09872603667377045,0,0,False,True,False,False,False,False,True,False,True,False,False,False
R0597,-0.35038632044631934,0.2518400800250072,-0.5221733663524817,-0.5751316345880889,-0.351337175353067,0.8927489082337394,0,-0.3193170118699929,0,0,False,True,False,False,False,False,False,True,False,False,False,True
R0598,0.2684095252607112,1.3025125294233308,0.1974492485223268,-0.2992345611131467,-0.2897970286162681,0.7076755791165568,0,-0.10526077710680508,0,0,True,False,False,False,False,True,False,False,False,False,False,True
R0599,-0.1712612072153366,-0.8322932754051111,0.7011850789346928,0.3613073374254011,0.18494124621046676,1.3554322310266962,0,0.03671553380382645,0,0,False,False,False,True,False,False,False,True,True,False,False,False
R0600,-1.6531144166716465,2.0118837372973593,1.564732216784463,0.1800610847776288,0.4091232093230916,1.540505560143879,0,-0.14104318237825642,0,1,False,False,False,True,False,True,False,False,False,False,True,False
R0601,-0.44809092766321856,-1.2739772350247889,0.2694115100098077,-0.07166982167761037,-0.13594666177427073,0.2449922563235999,0,-0.03224677823544487,0,0,False,False,True,False,False,False,True,False,True,False,False,False
R0602,0.39868233488324406,-1.3475912282947353,-0.9539469352773667,0.21026879355225758,0.1146096499398393,-1.7908143639654102,0,-0.005431300931134776,0,0,False,False,True,False,False,True,False,False,True,False,False,False
R0603,-0.12240890360688672,-0.31699532251548734,-1.9614185961020985,0.05923024967911403,0.07065240227069719,-0.9579843829380879,0,-0.06668933239846112,0,0,False,False,True,False,False,False,True,False,True,False,False,False
R0604,0.9197735733733748,1.04151746237534,0.7011850789346928,-0.3435392006492688,-0.0919894141051286,1.1703589019095135,0,-0.24158632859117102,0,0,False,False,False,True,False,False,True,False,True,False,False,False
R0605,1.0826145854015408,1.1686689052961556,0.1974492485223268,-0.14416832273671934,-0.04363644166907222,0.6151389145579653,0,-0.13268319656889177,0,1,False,False,False,True,False,False,False,True,False,False,True,False
R0606,1.2291714962268898,-1.4278974027710407,-2.0333808575895795,-0.5912424126012242,-0.1623210103757559,0.8002122436751481,0,-0.39223487166046617,0,0,False,True,False,False,False,False,False,True,True,False,False,False
R0607,-0.49694323127166845,-1.655431563787238,-1.24179598122729,-0.573117787336447,-0.48760464312740764,-1.1430577120552707,0,-0.2436087972427124,0,0,True,False,False,False,False,False,True,False,True,False,False,False
R0608,1.5222853178775893,0.27191662364408326,-2.177305380564541,-0.14416832273671934,-0.17990390944341283,-0.21769106646935696,0,-0.05580072843236068,0,0,False,False,False,True,False,True,False,False,False,False,False,True
R0609,-0.3666704216491356,1.5902763212967579,0.4133360329847692,0.9352538041433467,0.9849631537888534,-1.8833510285240016,0,-0.04238598593972572,0,1,False,False,True,False,False,False,False,True,False,False,True,False
R0610,0.984909978184641,-0.4441467654363036,-0.37824884337751985,-0.09986368320059719,-0.05242789120290061,-0.21769106646935696,0,-0.10000713287694907,0,0,False,False,True,False,False,False,False,True,True,False,False,False
R0611,-0.724920648111101,1.0682861872007745,1.6366944782719437,-0.5912424126012242,-0.6326635604355766,-0.4027643955865397,0,-0.13242422314594912,0,0,False,False,False,True,False,True,False,False,False,False,False,True
R0612,0.7406484601423922,0.4459133350094105,-1.5296450271772133,-0.03743441839969793,0.24648139294726565,-1.975887693082593,0,-0.1877214884715045,0,0,False,True,False,False,False,True,False,False,True,False,False,False
R0613,0.8383530673592919,-1.2940537786438655,-0.6660978893274434,0.3270719341474886,0.4091232093230916,1.262895566468105,0,-0.07812477998241366,0,0,False,True,False,False,False,False,False,True,True,False,False,False
R0614,-0.44809092766321856,0.3388384357076708,-0.09039979742759652,-0.11194676671044868,0.009112255533898288,-0.21769106646935696,0,-0.13738874366375808,0,0,False,True,False,False,False,False,False,True,False,False,False,True
R0615,0.33354593007197736,0.31876189208859473,-1.24179598122729,-0.19451450402776718,-0.48760464312740764,0.3375289208821913,0,0.21356542603666975,0,0,False,False,False,True,False,True,False,False,True,False,False,False
R0616,-0.2363976120266033,-1.10667270486582,-1.0259091967648475,-0.2831237831000114,-0.4700217440597508,-0.032617737352174214,0,0.08275255217096236,0,0,False,False,False,True,False,True,False,False,True,False,False,False
R0617,1.6199899250944878,-0.06938461788021329,0.3413737714972886,-0.18847296227284138,-0.1623210103757559,-0.7729110538209052,0,-0.09937561172400547,0,0,True,False,False,False,False,False,False,True,True,False,False,False
R0618,0.21955722165226133,-2.1841138790895798,-0.5941356278399625,-0.05354519641283317,-0.08759368933821433,0.6151389145579653,0,-0.05007282744652495,0,0,False,False,True,False,False,False,False,True,True,False,False,False
R0619,0.1544208168409952,1.4898936032013768,0.7731473404221734,-0.0052128623734272765,-0.07880223980438594,-0.21769106646935696,0,-0.023396491042441334,0,0,False,False,True,False,False,False,True,False,False,False,False,True
R0620,0.6429438529254929,-0.7252183761033715,0.7011850789346928,0.21832418255882524,0.11021392517292519,-0.21769106646935696,0,0.0012947588791528697,0,0,False,True,False,False,False,True,False,False,True,False,False,False
R0621,-0.5457955348801183,-0.0024628058166257425,0.7731473404221734,-0.40798231270181,-0.25463123048095443,0.6151389145579653,0,-0.21761088203108023,0,0,False,False,True,False,False,False,False,True,True,False,False,False
R0622,-0.5946478384885682,1.422971791137789,-0.45021110486500077,-0.3536084369074783,-0.4568345697590081,-1.3281310411724534,0,-0.014163411091232696,0,1,True,False,False,False,False,False,True,False,False,False,True,False
R0623,-0.18754530841815342,-0.06938461788021329,-0.09039979742759652,-0.5046469807806219,-0.6634336338039761,0.8927489082337394,0,0.07414349978834742,0,0,False,False,True,False,False,True,False,False,True,False,False,False
R0624,0.6592279541283091,-0.37722495337271605,-0.01843753594011562,0.008884068388066178,-0.008470643533758496,-0.4027643955865397,1,-0.055360587657084494,0,0,False,True,False,False,False,False,False,True,True,False,False,False
R0625,-0.12240890360688672,1.422971791137789,-0.5941356278399625,-0.08778059969074568,-0.16671673514267019,0.8927489082337394,0,-0.023145137874058138,0,0,False,True,False,False,False,False,True,False,False,True,False,False
R0626,0.6592279541283091,-1.0999805236594613,0.2694115100098077,0.09749334746031048,-0.004074918766844377,-0.49530106014513103,0,-0.0037610209123177412,0,0,False,True,False,False,False,False,True,False,True,False,False,False
R0627,-0.8389093565308171,1.5902763212967579,0.3413737714972886,0.4237366022263004,0.6772624201048586,-0.3102277310279483,0,-0.1253095809361508,0,1,True,False,False,False,False,True,False,False,False,False,True,False
R0628,-0.25268171322941957,-0.30361096010276967,-0.01843753594011562,-0.4140238544567358,-0.412877322089866,2.095725547495427,0,-0.12168059024242195,0,0,True,False,False,False,False,False,True,False,True,False,False,False
R0629,0.8057848649536589,0.32545407329495313,-0.8100224123024049,0.11159027822180376,0.0530695032030404,0.05991892720641715,0,-0.027749714001247695,0,0,False,False,False,True,False,True,False,False,False,False,False,True
R0630,-0.6272160408942012,-0.06938461788021329,-0.23432432040255835,1.0037246106991717,0.6948453191725154,1.6330422247024703,0,0.07575191973957338,0,0,False,False,True,False,False,False,False,True,True,False,False,False
R0631,0.4638187396945102,0.32545407329495313,-0.45021110486500077,0.027008693652843377,-0.17990390944341283,0.8927489082337394,0,0.07139995562245915,0,0,False,True,False,False,False,True,False,False,True,False,False,False
R0632,-0.7412047493139173,0.40576024777125835,-0.8819846737898859,-0.526799300548683,-0.5403533403303782,-1.1430577120552707,0,-0.1401123347811672,0,0,False,True,False,False,False,True,False,False,False,False,False,True
R0633,0.789500763750842,1.2422828985661025,2.2843548316592717,0.006870221136424308,0.16735834714280998,-0.5878377247037224,0,-0.13743048452379494,0,1,True,False,False,False,False,False,True,False,False,False,True,False
R0634,0.17070491804381144,-0.40399367819815096,-1.0978714582523283,-0.5852008708462985,-0.6370592852024908,-0.5878377247037224,0,-0.11615870008190261,0,0,False,False,True,False,False,True,False,False,True,False,False,False
R0635,0.18698901924662825,-0.4575311278490213,0.7011850789346928,-0.5046469807806219,-0.5271661660296355,1.262895566468105,0,-0.12395588650216768,0,0,True,False,False,False,False,False,False,True,True,False,False,False
R0636,-1.083170874573066,0.15814954313598426,-0.37824884337751985,0.9654615129179751,-0.1623210103757559,-0.3102277310279483,0,0.7396661679939545,0,0,False,False,True,False,False,False,False,True,False,False,False,True
R0637,1.6199899250944878,1.1084392744389275,-0.8819846737898859,-0.5690900928331631,-0.557936239398035,1.6330422247024703,0,-0.1811931674687542,0,0,False,False,True,False,False,False,False,True,False,False,False,True
R0638,-0.4643750288660354,1.610352864915834,0.7731473404221734,-0.24284683806717308,-0.22386115711255494,-0.3102277310279483,0,-0.10267879174887025,0,1,False,False,False,True,False,False,False,True,False,False,True,False
R0639,-0.3666704216491356,1.2355907173597434,-0.30628658189003927,-0.3113176446229981,-0.12715521224044232,-0.032617737352174214,0,-0.20500119119696503,0,0,False,False,False,True,False,False,True,False,False,False,False,True
R0640,1.2617396986325236,1.0080565563435462,1.1329586478595777,-0.548951620316744,-0.1623210103757559,-1.975887693082593,0,-0.3614846493671378,0,1,False,False,False,True,False,False,True,False,False,False,True,False
R0641,0.480102840897327,0.45260551621576983,0.9890341248846158,0.3915150462000299,0.5761607504658315,0.05991892720641715,0,-0.10781392938319158,0,1,False,True,False,False,False,False,False,True,False,False,True,False
R0642,-0.07355659999843742,1.2155141737406672,1.6366944782719437,-0.546937773065102,-0.6018934870671772,-0.032617737352174214,0,-0.09951182533327828,0,0,False,True,False,False,False,True,False,False,False,False,False,True
R0643,1.4245807106606894,0.09122773107239672,0.12548698703484587,-0.23479144906060542,-0.1930910837441555,0.4300655854407826,0,-0.1154174276104691,0,0,False,False,False,True,False,False,True,False,True,False,False,False
R0644,-0.4155227252575855,-0.4106858594045098,0.05352472554736497,-0.0394482656513398,0.0618609527368688,-1.975887693082593,0,-0.11863388837425749,0,0,False,True,False,False,False,False,False,True,True,False,False,False
R0064,1.066330484198724,0.9143660194545232,-1.1698337197398092,-0.5650623983298794,8.062080028520732,1.3554322310266962,0,-0.5649912250371315,0,0,False,True,False,False,False,False,False,True,False,False,False,True
R0137,-0.49694323127166845,0.7470614892955544,0.3413737714972886,-0.023337487638204472,0.2069198700450378,-0.5878377247037224,0,-0.16744911970034726,0,1,False,False,False,True,False,False,False,True,False,False,True,False
