batch_id,shift,quality_issue,fruit_weight_g,humidity_pct,nutrient_ec,soil_moisture_pct,sugar_brix,temperature_c,worker_experience_years,sensor_range_error,temperature_outlier,ec_outlier,weight_outlier,moisture_gap,temp_humidity_index,weight_sugar_score,greenhouse_zone_A동,greenhouse_zone_B동,greenhouse_zone_C동,greenhouse_zone_D동,irrigation_method_미상,irrigation_method_분무,irrigation_method_수경,irrigation_method_점적
B0001,1,0,-0.9131355543908433,0.2196683403998783,-0.19165983488160168,0.14416814534073635,0.9646002738022507,1.312213929850182,-0.47228582377522893,0,0,0,0,-1.0395113478217415,1.131400290796106,-0.524756276631272,1,0,0,0,0,1,0,0
B0002,1,0,-0.2425357248800178,-1.5143249379725812,-1.1856318652938491,0.7635597058410439,-0.08967556710770115,0.6299348851687937,-1.4697534835885127,0,0,0,0,-0.07529807163850764,-0.5498624296800487,-0.2522631546501428,0,0,0,1,0,0,0,1
B0003,1,0,0.5803400484498593,-0.7406971676217906,0.007134571200847572,0.03427609428423079,1.5795945143330572,0.3050401019871805,0.026448006131412915,0,0,0,0,-1.1794777911386634,-0.2536238416800828,1.1758301086234926,0,1,0,0,0,0,1,0
B0004,1,0,-0.3216020803245261,0.07294583222990161,0.2240011960180654,0.5637559766473964,0.24417844918044956,-0.5396863342850132,1.7720164108046594,0,0,0,0,-0.3863346123427765,-0.36204675066492187,-0.20552886665170955,0,0,0,1,0,0,0,1
B0005,1,0,0.4427060223057165,0.03293060272899906,-0.28202092855544286,1.3429905205026214,-0.44110084741101896,0.3375295803053423,-1.2203865686351918,0,0,0,0,0.8267078964038715,0.26912577107585967,0.2165771016105682,0,1,0,0,0,0,0,1
B0006,1,0,0.3255706809064457,-1.767754724811633,0.4770122583048195,-0.36533136410306494,0.5780324654686019,-1.384412770557208,-0.7216527387285498,0,0,0,0,-0.5574047097301246,-1.933195150968636,0.5200673805286194,0,0,1,0,0,0,1,0
B0007,0,1,-0.28938986143972595,-0.20716077427641816,0.8023121955306455,1.7026372330511863,-1.2669502561238146,-0.31225998605788413,1.0239156659446966,0,0,0,0,1.3865736696715545,-0.3584222981200608,-0.7103685442236051,1,0,0,0,0,0,1,0
B0008,1,0,-0.4650928735386321,-0.540621020117276,0.07942344613992018,-5.540247950218535,-1.2318077280934836,0.6299348851687937,1.2732825808980175,0,0,0,0,7.498441694510438,0.10278065856457591,-0.8404127377948714,1,0,0,0,0,0,0,1
B0009,0,0,0.12351221699270343,-0.20716077427641816,-0.7157541781898776,-0.5251743474579831,-0.5465284315020135,0.6624243634869555,-0.47228582377522893,0,0,0,0,-0.30857547716670924,0.34989928493276096,-0.10063178642780242,1,0,0,0,0,1,0,0
B0010,0,0,0.07665808043299528,1.0866649795861085,-0.24587649108590653,-0.37532155056274746,-0.21267441521386277,-0.44221789933052896,0.026448006131412915,0,0,0,0,-0.5418528826949109,0.3038514783151939,-0.014143626307566267,0,0,1,0,0,1,0,0
B0011,0,0,0.9610299079974894,-1.4076176593035072,0.1878567585485291,-0.6250762120548068,1.1578841779690758,-0.6046652909213356,1.2732825808980175,0,0,0,0,-0.15305720681457485,-1.2574936408195634,1.3741223640464049,1,0,0,0,0,0,0,1
B0012,0,0,0.37242481746615386,-0.32720646277912774,0.3866511646309784,0.6836382141635852,-1.1263801440024874,-0.8320916391484657,-0.222918908821908,0,0,0,0,-0.19971268792021474,-0.8026766243330148,-0.11904437657136556,0,1,0,0,0,0,1,0
B0013,0,0,0.24943270899691902,1.5001556844287733,-0.6615375219855733,0.17413870471978318,-0.6519560155930096,-0.6696442475576592,0.7745487509913757,0,0,0,0,-0.9928558667161016,0.34948506178477534,-0.0337049389376635,0,0,1,0,0,1,0,0
B0014,0,0,0.3372842150463721,0.6865126845770791,-0.4085264596988195,-0.9947131110630543,0.5253186734231038,0.2400611453508581,-0.222918908821908,0,0,0,0,0.42236039348832183,0.6142081719422843,0.510081201979558,0,1,0,0,0,0,0,1
B0015,1,0,0.18793665476230204,0.03293060272899906,-0.4446708971683558,-0.485213601619253,-0.8100973917295022,-0.6046652909213356,-0.222918908821908,0,0,0,0,-0.3707827853075639,-0.4336037994791762,-0.14741745498473924,0,1,0,0,0,0,0,1
B0016,0,1,-0.5002334759584138,-0.38056010211366575,-0.878404146802791,1.5927451819946807,-1.0209525599114928,-0.6371547692394974,-0.47228582377522893,0,0,0,0,1.2155035722842076,-0.6932526760738806,-0.7975173115245952,1,0,0,0,0,0,1,0
B0017,1,0,-0.24839249194998184,-0.38056010211366575,-0.19165983488160168,-0.9048014329259131,0.4901761453927728,-0.24728102942156174,0.7745487509913757,0,0,0,0,0.28239395017140106,-0.41530894377654576,-0.050752274241002836,0,0,1,0,0,0,0,1
B0018,1,0,0.7355443758038935,-0.1404687251082466,-0.4446708971683558,0.20410926409883004,-0.19510315119869728,0.4025085369416647,-1.4697534835885127,0,0,0,0,-0.9462003856104617,0.2045069599903401,0.5755143432332159,0,1,0,0,0,0,0,1
B0019,1,0,0.20550695597219248,-1.901138823147976,-0.06515430373822503,0.18412889117946643,0.771316369635427,-0.47470737764869075,-0.9710196536818708,0,0,0,0,-0.9773040396808869,-1.4628447664326836,0.4823834109065119,0,0,1,0,0,0,0,1
B0020,0,0,-0.23375057427507298,-1.327587200301701,-1.1856318652938491,1.0832456725508801,0.8240301616809235,-0.8970705957847882,0.026448006131412915,0,0,0,0,0.42236039348832294,-1.398122399560167,0.08229768200269193,0,0,0,1,1,0,0,0
B0021,1,0,-0.28646147790474435,0.5397901764071025,-0.7338263969246458,0.08422702658264267,-1.0912376159721564,0.20757166703269747,0.7745487509913757,0,0,0,0,-1.1328223100330213,0.4948773867271974,-0.6458308927038591,1,0,0,0,0,1,0,0
B0022,1,0,0.3548545162562634,-0.6740051184536191,-0.13744317867729763,-0.32537061826433555,-1.108808879987322,-0.47470737764869075,-0.47228582377522893,0,0,0,0,-0.6196120178709781,-0.7483098361601,-0.12640280655698394,0,0,1,0,0,1,0,0
B0023,1,0,-0.9658464580205154,-0.20716077427641816,0.6035177894481961,1.0233045537927852,0.4198910893321092,1.1497665382593754,1.2732825808980175,0,0,0,0,0.32904943127704095,0.7040600764591715,-0.7420886990194644,0,0,1,0,0,0,1,0
B0024,1,0,0.7501862934788023,-1.581016987140753,0.5493011332438921,-0.33536080472401736,0.5956037294837674,-0.14981259446707754,0.026448006131412915,0,0,0,0,-0.6040601908357656,-1.0758913090241977,0.9267004606016871,0,0,1,0,0,0,0,1
B0025,1,0,0.07080131336303125,1.206710668088818,0.007134571200847572,-0.035655210933546115,-0.44110084741101896,-0.14981259446707754,-0.222918908821908,0,0,0,0,-1.0706150018921687,0.6194895170790828,-0.10596068435254918,0,0,0,1,0,0,1,0
B0026,1,0,-0.10197331520089334,-0.07377667594007505,-1.0049096779461681,0.4938246714296195,0.10360833705912402,7.127830548801058,-1.7191203985418335,0,1,0,0,-0.495197401589271,5.206872806620395,-0.055905010250881945,0,1,0,0,0,0,0,1
B0027,1,0,-0.3216020803245261,-2.0478613313179537,0.4047233833657469,0.5537657901877132,1.351168082135901,0.3375295803053423,-0.7216527387285498,0,0,0,0,-0.40188643937799123,-1.077099459872485,0.18337058065801387,0,0,0,1,0,0,1,0
B0028,1,0,-1.3055389480784005,0.8198967829134223,-0.5169597721074284,-1.2644481454744787,0.19146465713495306,0.954829668350407,0.026448006131412915,0,0,0,0,0.8422597234390852,1.2773794318648377,-1.1217690061177792,1,0,0,0,0,0,0,1
B0029,1,0,-0.7052203234071377,0.5264517665734689,0.4770122583048195,1.2131180965267507,1.0524565938780797,-0.14981259446707754,-1.2203865686351918,0,0,0,0,0.6245341449460973,0.20578414802995726,-0.2951328906411672,0,0,0,1,0,0,1,0
B0030,1,0,0.1176554499227394,0.3530524387362214,-0.5169597721074284,-0.14554726199005238,-1.073666351956991,-0.052344159512593344,0.026448006131412915,0,0,0,0,-0.8995449045048207,0.1755113396314516,-0.3073724736845768,0,0,1,0,0,0,0,1
B0031,1,0,-0.16346936943551033,-1.9945076919834166,0.35050672716144204,-0.6250762120548068,-0.12481809513803371,-0.21479155110339995,-0.47228582377522893,0,0,0,0,-0.15305720681457485,-1.3653297336780923,-0.19445268625440518,0,1,0,0,0,0,0,1
B0032,1,0,-0.4563077229336873,1.2600643074233562,0.296290070957138,-1.3543598236116199,-1.0560950879418238,0.2725506236690199,0.2758149210847338,0,0,0,0,0.9822261667560059,1.0082379414621665,-0.7732473377116814,0,1,0,0,0,1,0,0
B0033,1,0,-0.22789380720510893,1.5268325040960424,-0.8061152718637185,-0.17551782136909994,-1.4602341602906397,0.4999769718961489,-0.222918908821908,0,0,0,0,-0.8528894233991797,1.3761371340633832,-0.7298527860159478,0,0,1,0,0,0,0,1
B0034,1,0,0.9873853598123256,1.4468020450942354,0.20592897728329684,-0.07561595677227619,-1.3723778402148106,1.669598191349957,0.5251818360380548,0,0,0,0,-1.0084076937513142,2.327400593408883,0.27483898491315445,1,0,0,0,0,1,0,0
B0035,0,0,-0.4533793393987057,-0.8740812659581347,-0.4988875533726603,-0.19549819428846427,-0.7573835996840041,-0.7346232041939815,-0.47228582377522893,0,0,0,0,-0.8217857693287535,-1.0398884137452464,-0.6687025813175105,0,0,1,0,0,0,1,0
B0036,1,0,0.1117986828527762,-0.9674501347935743,0.8023121955306455,0.3639522474537489,1.4565956662268955,0.17508218871453568,0.026448006131412915,0,0,0,0,-0.6973711530470453,-0.4863136950601535,0.6549413465991734,0,0,0,1,0,0,0,1
B0037,0,1,0.40170865281597157,0.11296106173080417,-1.4567151463153716,-1.0047032975227368,0.5077474094079383,-0.47470737764869075,1.5226494958513386,0,0,0,0,0.4379122205235355,-0.2900754787026838,0.5633151306286309,1,0,0,0,0,1,0,0
B0038,0,0,-0.0346204938963123,-0.9941269544608433,1.0191788203478633,-0.9647425516840075,1.7201646264543842,0.20757166703269747,0.026448006131412915,0,0,0,0,0.37570491238268194,-0.4816536846453327,0.6061298160212588,1,0,0,0,0,0,0,1
B0039,1,0,0.5393426789601145,-0.23383759394368717,0.27821785222236944,-0.2654294995062412,0.6307462575141,0.8248717550777621,-1.2203865686351918,0,0,0,0,-0.712922980082259,0.4496580264055991,0.7427580611607034,0,0,1,0,0,1,0,0
B0040,1,0,0.9610299079974894,-0.6073130692854475,0.35050672716144204,1.7525881653495983,0.3144635052411131,0.07761375376005149,0.2758149210847338,0,0,0,0,1.4643328048476216,-0.32569866942931663,1.00065910452696,0,1,0,0,0,0,1,0
B0041,1,0,0.5393426789601145,0.006253783061730059,-1.3302096151719944,-0.23545894012719362,-0.3532445273351899,-0.14981259446707754,-0.222918908821908,0,0,0,0,-0.7595784611879,-0.11057878124290467,0.336646126752452,0,1,0,0,0,0,0,1
B0042,1,0,-0.506090243028377,1.1933722582551844,-1.4205707088458353,-1.3343794506922548,-1.1790939360479855,0.7274033201232779,1.7720164108046594,0,0,0,0,0.9511225126855787,1.3467272905565129,-0.8558305753856841,0,1,0,0,0,1,0,0
B0043,1,0,-0.356742682744307,-1.7810931346452674,0.1517123210789928,1.1232064183896089,0.6658887855444309,1.6371087130317952,1.0239156659446966,0,0,0,0,0.4845677016291754,-0.12300547568242709,-0.09062725767927685,0,1,0,0,0,0,1,0
B0044,0,0,0.19379342183226608,-0.0871150857737105,-0.04708208500345648,0.14416814534073635,2.4405864510761854,-2.0017128586022728,0.7745487509913757,0,0,0,0,-1.0395113478217415,-1.5308809184890733,1.1190105509988855,0,0,0,1,0,0,1,0
B0045,1,0,0.5510562131000416,-1.0074653642944777,0.296290070957138,2.342009166470859,0.3671772972866112,-1.156986422330079,1.7720164108046594,0,0,0,0,2.3818905999252156,-1.3948086143762952,0.6448120364942829,0,1,0,0,0,0,1,0
B0046,1,0,-0.01119342561645781,-0.8207276266235977,-0.08322652247299278,0.7535695193813606,1.8607347385757114,0.045124275441890856,0.2758149210847338,0,0,0,0,-0.09084989867372241,-0.48137753588001003,0.6825547267546799,1,0,0,0,0,0,1,0
B0047,1,0,-0.3040317791146348,-0.48726738078273985,-0.31816536602497913,0.6336872818651733,-0.528957167486848,1.1497665382593754,0.5251818360380548,0,0,0,0,-0.27747182309628193,0.5047151864918203,-0.46201327461923875,1,0,0,0,0,0,0,1
B0048,0,0,-0.7520744599668459,1.9936768482732432,-0.24587649108590653,-1.1046051621195605,-0.33567326332002284,-0.24728102942156174,0.2758149210847338,0,0,0,0,0.5934304908756699,1.010170982819425,-0.7858062142257886,0,0,0,1,0,1,0,0
B0049,1,0,-0.3128169297195804,1.3534331762587948,0.1878567585485291,-0.22546875366751182,0.45503361736244025,1.084787581623053,-0.7216527387285498,0,0,0,0,-0.7751302882231125,1.7593971017356769,-0.12327226252819044,0,0,1,0,0,0,0,1
B0050,1,0,-0.43580903818881445,-0.7673739872890596,-1.8904483959498066,-0.015674838014181083,0.3935341933093594,1.4746613214409885,0.026448006131412915,0,0,1,0,-1.1017186559625962,0.5269796806959656,-0.2589040918366647,0,1,0,0,0,0,0,1
B0051,0,1,-0.43580903818881445,-0.7940508069563287,-0.6073208657812688,0.7435793329216789,-0.19510315119869728,-1.611839118784337,-1.2203865686351918,0,0,0,0,-0.10640172570893497,-1.5914265352860832,-0.46090492257153004,0,1,0,0,0,0,1,0
B0052,1,0,-0.506090243028377,0.6331590452425431,-0.4808153346378921,-2.263466791442716,2.387872659030686,0.17508218871453568,0.026448006131412915,0,0,0,0,2.397442426960429,0.5285330175009061,0.3503537257530916,1,0,0,0,1,0,0,0
B0053,1,0,-0.22496542367012734,0.7932199632461552,-0.07419041310560891,-0.8448603141678187,-0.6519560155930096,0.3375295803053423,-1.4697534835885127,0,0,0,0,0.1890829879601202,0.7610157593069858,-0.4379965335589479,0,0,0,1,1,0,0,0
B0054,0,0,0.5627697472399689,-1.3542640199689702,0.3685789458962106,-1.0846247892001954,0.5780324654686019,0.3375295803053423,-0.9710196536818708,0,0,0,0,0.5623268368052425,-0.6283577162230372,0.7430223040330045,1,0,0,0,0,0,0,1
B0055,1,0,-0.2747479437648171,-1.0208037741281124,0.35050672716144204,-0.19549819428846427,-0.42352958339585345,0.46748749357798713,-0.9710196536818708,0,0,0,0,-0.8217857693287535,-0.32659615291661653,-0.3994097341231441,0,0,1,0,0,0,0,1
B0056,1,0,-0.14004230115565586,-0.1938223644427846,-0.5892486470465006,-1.893829892434468,1.0875991219084122,0.8248717550777621,-1.7191203985418335,0,0,0,0,1.8220248266575314,0.47710030995954594,0.26803106091149786,1,0,0,0,0,0,0,1
B0057,0,0,0.9053906208328356,0.7265279140779837,-0.3000931472902106,-0.7849191954097242,-0.0018192470318721,0.8898507117140846,1.5226494958513386,0,0,0,0,0.09577202574883933,1.160326873963664,0.8106134287437904,0,0,1,0,0,0,0,1
B0058,0,0,0.48077500826047903,-0.20716077427641816,0.24207341475283314,0.5637559766473964,0.27932097721078214,-0.019854681194432715,0.5251818360380548,0,0,0,0,-0.3863346123427765,-0.14592582320421482,0.5439152997538294,1,0,0,0,0,0,0,1
B0059,1,0,-0.23082219074009055,0.9666192910834008,-0.11937095994252908,-2.3034275372814457,0.75374510562026,0.045124275441890856,-1.2203865686351918,0,0,0,0,2.4596497351012827,0.6333659925365511,0.059954479133644385,0,0,1,0,0,0,0,1
B0060,0,0,0.22014887364710134,1.8869695696041673,-0.4265986784335877,-0.18550800782878174,-0.9682387678659948,-0.7346232041939815,-1.2203865686351918,0,0,0,0,-0.8373375963639672,0.5106523849462575,-0.1819965708573042,0,1,0,0,0,0,0,1
B0061,0,0,-0.17225452004045513,1.3801099959260639,0.2240011960180654,-1.3343794506922548,-1.4953766883209707,-0.47470737764869075,0.026448006131412915,0,0,0,0,0.9511225126855787,0.4477595036440048,-0.6983638437333527,1,0,0,0,0,0,0,1
B0062,0,0,-0.8867801025760071,0.03293060272899906,-0.8061152718637185,0.3539620609940657,1.0700278578932467,0.5324664502143107,0.2758149210847338,0,0,0,0,-0.7129229800822601,0.4145180960182805,-0.466468703049434,1,0,0,0,1,0,0,0
B0063,1,1,-1.8502182855850096,0.25968356990078273,0.9649621641435592,1.7825587247286465,1.3335968181207338,0.7598927984414398,0.7745487509913757,0,0,0,1,1.5109882859532637,0.7384751163375172,-1.3420007600215018,0,0,0,1,0,0,1,0
B0064,1,0,0.12936898406266664,0.05960742239626806,0.2240011960180654,-0.5251743474579831,0.4023198253169437,-0.2797705077397224,-1.2203865686351918,0,0,0,0,-0.30857547716670924,-0.17533566671108528,0.268265943464655,0,1,0,0,0,0,0,1
B0065,1,0,0.8790351690179995,0.6331590452425431,-0.010937647533920177,-0.9048014329259131,-0.8452399197598333,0.5324664502143107,-0.222918908821908,0,0,0,0,0.28239395017140106,0.8121723180830226,0.4183999354106198,0,0,1,0,0,0,0,1
B0066,0,0,0.16158120294746595,-0.647328298786352,0.07942344613992018,-0.10558651615132303,0.6658887855444309,-0.24728102942156174,-0.7216527387285498,0,0,0,0,-0.9617522126456742,-0.5754752276637336,0.39981852343197416,0,1,0,0,0,0,0,1
B0067,0,0,-0.11075846580583815,-0.8607428561245002,-0.10129874120776133,-0.7349682631113124,-0.6343847515778441,-0.2797705077397224,-1.7191203985418335,0,0,0,0,0.01801289057277213,-0.7255275630209745,-0.3342298256221091,0,0,0,1,0,0,0,1
B0068,0,0,-0.046334028036239545,1.1133417992533776,0.11556788360945648,2.0223231997610225,-0.5992422235475116,-0.7346232041939815,0.026448006131412915,0,0,0,0,1.884232134798385,0.07620133990226186,-0.2662093062438326,1,0,0,0,0,0,1,0
B0069,1,0,-0.8487111166212447,0.4064060780707594,0.09749566487468873,-0.6350663985144887,0.33203476925628017,-1.156986422330079,2.0213833257579803,0,0,0,0,-0.13750537977936228,-0.6483785017089362,-0.6608707161856856,0,0,1,0,0,0,0,1
B0070,1,0,0.23771917485699262,-1.7810931346452674,-0.5892486470465006,0.4838344849699377,0.6483175215292654,1.7995561046226018,-0.222918908821908,0,0,0,0,-0.5107492286244836,-0.02531784994950955,0.464987421813331,1,0,0,0,0,0,0,1
B0071,0,0,0.19672180536724768,1.3801099959260639,-0.06515430373822503,-1.14456590795829,-1.4075203682451416,-0.3447494643760459,0.026448006131412915,0,0,0,0,0.6556377990165234,0.5586332329210842,-0.37199820616175705,0,0,1,0,0,1,0,0
B0072,0,0,-0.05511917864118435,2.3137986842804654,-0.4265986784335877,-1.5741439257246326,0.4023198253169437,-0.44221789933052896,0.7745487509913757,0,0,0,0,1.324366361530702,1.0215621193889883,0.09716868364943841,0,1,0,0,0,0,0,1
B0073,0,1,-0.25424925901994505,0.6198206354089076,0.3685789458962106,-0.6350663985144887,-3.3579306739285544,-0.44221789933052896,-1.7191203985418335,0,0,0,0,-0.13750537977936228,0.030809386602337223,-1.4265951795569107,0,0,0,1,0,0,0,1
B0074,1,0,0.8936770866929084,0.006253783061730059,0.9468899454087907,0.03427609428423079,-0.23024567922902828,0.2400611453508581,-0.47228582377522893,0,0,0,0,-1.1794777911386634,0.17937742234596948,0.7000387968052949,0,1,0,0,0,0,0,1
B0075,0,0,-0.14589906822561988,0.39306766823712586,-0.02900986626868873,-0.5551449068370299,-2.444224945139928,-0.8320916391484657,0.5251818360380548,0,0,0,0,-0.26191999606106936,-0.4037797328243208,-1.0227219694834362,0,1,0,0,0,0,0,1
B0076,0,0,0.521772377750224,-1.0608190036290148,0.6758066643872688,1.1232064183896089,-1.0033812958963273,-1.7093075537388214,-0.7216527387285498,0,0,0,0,0.4845677016291754,-1.7868017867519204,0.05378881211327514,0,1,0,0,0,0,0,1
B0077,1,0,0.5364142954251329,-0.5006057906163734,-0.31816536602497913,-0.07561595677227619,-1.1439514080176545,0.07761375376005149,0.7745487509913757,0,0,0,0,-1.0084076937513142,-0.25887066822121485,0.007913313449821414,1,0,0,0,0,1,0,0
B0078,1,1,-0.5236605442382675,-1.140849462630821,-0.3362375847597469,-1.8638593330554212,1.3160255541055683,0.17508218871453568,-1.7191203985418335,0,0,0,0,1.7753693455518915,-0.596255422254269,-0.029535773619128115,0,0,1,0,1,0,0,0
B0079,1,0,0.2875016949516824,-0.1137919054409795,0.5854455707134276,1.2330984694461158,0.10360833705912402,0.5324664502143107,0.026448006131412915,0,0,0,0,0.6556377990165245,0.3173137306246766,0.29700235582744217,0,1,0,0,0,0,1,0
B0080,0,0,-0.1488274517606015,-0.23383759394368717,-0.11937095994252908,0.3439718745343839,0.27932097721078214,-1.4818812055116923,1.5226494958513386,0,0,0,0,-0.7284748071174726,-1.2218014129016,-0.034464637195529856,0,0,1,0,0,1,0,0
B0081,0,0,0.09422838164288573,1.2200490779224515,0.4770122583048195,-0.8148897547887718,-2.1806559849124407,-0.019854681194432715,0.7745487509913757,0,0,0,0,0.14242750685448033,0.7368182237455797,-0.7483644672366242,0,0,1,0,0,0,0,1
B0082,1,0,-0.0346204938963123,-1.927815642815245,0.16978453981376054,1.3030297746638912,-0.8100973917295022,-0.019854681194432715,-1.2203865686351918,0,0,0,0,0.7645005882630169,-1.2101686461623797,-0.33457480937205847,0,0,1,0,0,0,0,1
B0083,0,0,0.6681915544993124,0.4597597174052974,-0.4265986784335877,-0.035655210933546115,0.17389339311978602,-0.44221789933052896,1.5226494958513386,0,0,0,0,-1.0706150018921687,-0.06280504484207085,0.6716033277137397,0,0,0,1,0,1,0,0
B0084,1,0,-0.5031618594933954,-1.087495823296284,0.07942344613992018,-0.19549819428846427,1.7025933624392187,-0.052344159512593344,-1.7191203985418335,0,0,0,0,-0.8217857693287535,-0.7117546433505039,0.12161114933732602,0,0,1,0,0,0,1,0
B0085,1,1,-0.005336658546494603,1.0066345205843035,0.7842399767958776,-0.36533136410306494,-0.4059583193806864,0.4349980152598265,0.5251818360380548,0,0,0,0,-0.5574047097301246,0.9793458768902751,-0.15885329929156491,0,0,0,1,0,0,0,1
B0086,1,0,0.4251357210958252,-0.1137919054409795,-0.5892486470465006,0.14416814534073635,0.4901761453927728,0.4999769718961489,1.7720164108046594,0,0,0,0,-1.0395113478217415,0.2934613810199256,0.5781090614376213,1,0,0,0,1,0,0,0
B0087,0,1,-0.01119342561645781,-0.9407733151263062,0.3866511646309784,1.0432849267121502,0.8416014256960905,-2.1641602501930794,-1.7191203985418335,0,0,0,0,0.36015308534746826,-2.0326777436761523,0.30195690968309563,0,0,1,0,0,0,1,0
B0088,0,1,-0.3098885461845988,-2.3012911181570055,-1.3121373964372263,-1.5042126205068556,-0.0018192470318721,-0.799602160830304,0.5251818360380548,0,0,0,0,1.2155035722842076,-1.877758286330097,-0.2814252916405276,1,0,0,0,1,0,0,0
B0089,1,0,0.5247007612852056,0.04626901256263261,-1.0952707716200085,-0.7949093818694067,0.27932097721078214,-0.8320916391484657,1.5226494958513386,0,0,0,0,0.111323852784053,-0.5958411991062852,0.5842673883782029,0,1,0,0,0,1,0,0
B0090,1,0,0.9903137433473072,-1.687724265809828,-0.010937647533920177,-0.7949093818694067,0.6131749934989329,-1.286944335602724,0.5251818360380548,0,0,0,0,0.111323852784053,-1.8330567049434783,1.1605260422693642,0,1,0,0,0,0,0,1
B0091,1,0,-0.05511917864118435,1.0866649795861085,-0.4808153346378921,-0.7349682631113124,0.03332328099846046,0.2400611453508581,0.026448006131412915,0,0,0,0,0.01801289057277213,0.8699909658224697,-0.03947791168947119,0,0,0,1,0,1,0,0
B0092,1,0,-0.7491460764318643,-1.8477851838134391,-1.402498490111067,-0.6050958391354417,0.0157520169832934,-0.18230207278523933,0.5251818360380548,0,0,0,0,-0.18416086088500216,-1.2574936408195634,-0.6705009008651178,0,0,0,1,0,0,0,1
B0093,1,0,0.3607112833262266,0.8999272419152293,-0.31816536602497913,-0.6850173308129005,0.718602577589929,1.7670666263044401,-0.7216527387285498,0,0,0,0,-0.059746244603295084,1.9949865171516374,0.6093227507282347,0,0,1,0,0,1,0,0
B0094,1,1,-0.008265042081476206,-1.0208037741281124,-0.8964763655375592,0.17413870471978318,2.3527301310003548,0.4349980152598265,-1.7191203985418335,0,0,0,0,-0.9928558667161016,-0.34810123801612364,0.8694148079106594,1,0,0,0,0,0,1,0
B0095,1,0,0.4837033917954606,-0.1671455447755156,-1.5470762399892117,-0.33536080472401736,0.26174971319561663,-1.1244969440119172,2.0213833257579803,0,0,0,0,-0.6040601908357656,-0.9274613476632265,0.5394231709247034,0,0,1,0,0,0,0,1
B0096,1,0,-0.16639775297049195,1.620201372931481,0.35050672716144204,0.024285907824547565,-0.6343847515778441,0.07761375376005149,0.7745487509913757,0,0,0,0,-1.1639259641034485,1.069335855789821,-0.3817164717986236,0,0,0,1,0,0,1,0
B0097,1,1,0.2845733114167008,-0.020423036605538944,0.31436228969190577,-0.11557670261100554,0.9294577457719196,-0.31225998605788413,-0.7216527387285498,0,0,0,0,-0.9462003856104606,-0.24727242007765993,0.6201860688117408,1,0,0,0,0,0,1,0
B0098,1,0,-0.19860997185529125,-0.6740051184536191,-0.06515430373822503,-1.094614975659878,-2.286083569003435,-0.2797705077397224,1.2732825808980175,0,0,0,0,0.5778786638404563,-0.6138944246392576,-1.0039607255500298,1,0,0,0,0,0,0,1
B0099,0,0,0.650621253289422,-0.2605144136109562,0.5493011332438921,0.4238933662118426,1.2633117620600705,-1.1894759006482396,-0.47228582377522893,0,0,0,0,-0.6040601908357656,-1.0239408225478581,1.1138651550687924,0,0,0,1,0,0,1,0
B0100,1,0,-0.09025978106096609,0.4330828977380284,1.3806231950432262,1.143186791308974,2.2121600188790276,-0.019854681194432715,-0.222918908821908,0,0,0,0,0.5156713556996027,0.25007150626859104,0.7302615753247779,0,0,1,0,0,0,1,0
B0101,1,0,-0.25424925901994505,0.17965311089897573,0.5312289145091236,-0.005684651554499276,-2.356368625064099,1.4421718431228268,2.0213833257579803,0,0,0,0,-1.1172704829978086,1.2008517052747747,-1.0699223525482904,0,1,0,0,0,0,1,0
B0102,1,0,-0.10783008227085654,-0.18048395460915106,-0.3362375847597469,0.4938246714296195,0.4901761453927728,0.01263479712372907,-0.7216527387285498,0,0,0,0,-0.495197401589271,-0.10574617784975698,0.08048835233540637,1,0,0,0,0,0,0,1
B0103,0,0,0.31092876323153684,2.1537377662768535,-0.5892486470465006,1.9224213351641988,-2.6375088493067533,-0.7021337258758198,-0.222918908821908,0,0,0,0,1.7287138644462505,0.6901836010017032,-0.7684249052921797,0,1,0,0,0,1,0,0
B0104,0,0,0.41342218695589883,0.8332351927470577,-0.07419041310560891,-0.7149878901919481,-0.12481809513803371,-1.5468601621480147,0.7745487509913757,0,0,0,0,-0.013090763497654093,-0.7386791479694705,0.31887579359017704,1,0,0,0,1,0,0,0
B0105,0,0,-0.4504509558637233,1.7802622909350931,-0.22780427235113798,-0.2854098724256055,-0.9155249758204967,0.3375295803053423,1.2732825808980175,0,0,0,0,-0.6818193260118327,1.399609779115815,-0.720332702533307,0,0,1,0,0,1,0,0
B0106,0,0,0.7648282111537111,0.2730219797344163,-1.1133429903547767,-0.5251743474579831,-1.1439514080176545,0.17508218871453568,0.7745487509913757,0,0,0,0,-0.30857547716670924,0.30019250717466756,0.1945568622521104,0,1,0,0,0,1,0,0
B0107,1,0,0.419278954025862,2.087045717108682,-0.19165983488160168,-0.12556688907068805,-0.528957167486848,0.20757166703269747,-0.47228582377522893,0,0,0,0,-0.930648558575247,1.4799000326334004,0.1607521247969846,1,0,0,0,0,0,0,1
B0108,1,0,0.7091889239890574,2.3938291432822725,-0.10129874120776133,-0.035655210933546115,0.6307462575141,-0.18230207278523933,-0.7216527387285498,0,0,0,0,-1.0706150018921687,1.311104099829878,0.9030433834509176,0,0,0,1,0,0,0,1
B0109,0,0,0.7911836629685465,0.03293060272899906,-0.39045424096405135,-0.4152822964014768,-1.073666351956991,-0.8320916391484657,0.5251818360380548,0,0,0,0,-0.4796455745540573,-0.6032281785786677,0.24636314538277457,0,0,1,0,0,0,0,1
B0110,1,0,-0.3538142992093254,0.7398663239116172,-0.6976819594551096,-0.5251743474579831,1.0700278578932467,1.1172770599412136,-0.222918908821908,0,0,0,0,-0.30857547716670924,1.3519741170976425,0.05319426565059748,0,0,1,0,0,0,0,1
B0111,1,0,-0.7140054740120826,-0.36722169228003027,0.025206789935616127,0.3639522474537489,1.1051703859235777,0.3050401019871805,-1.7191203985418335,0,0,0,0,-0.6973711530470453,-0.012960192701316422,-0.2866440883684814,1,0,0,0,0,0,0,1
B0112,1,0,0.732615992268911,-0.5806362496181804,-0.31816536602497913,-0.19549819428846427,-0.07210430309253565,0.17508218871453568,0.5251818360380548,0,0,0,0,-0.8217857693287535,-0.2410590728578981,0.6253828453003365,0,0,1,0,0,0,0,1
B0113,0,0,-0.5178037771683043,0.03293060272899906,-0.4446708971683558,-1.8438789601360561,-0.7398123356688386,-1.3519232922390463,-0.47228582377522893,0,0,0,0,1.7442656914814643,-0.9909410450917913,-0.7171948184247274,0,0,0,1,0,0,0,1
B0114,0,0,-0.23667895781005457,-0.6740051184536191,-0.4085264596988195,-0.5951056526757593,0.10360833705912402,-0.799602160830304,-0.47228582377522893,0,0,0,0,-0.19971268792021585,-0.972335522028171,-0.17796319701481275,0,1,0,0,0,1,0,0
B0115,1,0,0.8702500184130547,1.4334636352606018,0.27821785222236944,0.8334910110588208,1.4038818741813974,0.6949138418051173,0.026448006131412915,0,0,0,0,0.0335647176079869,1.4816604810123335,1.392373472434673,0,1,0,0,0,1,0,0
B0116,0,0,-0.33038723092947087,-0.6206514791190829,1.9589341945558063,-1.3543598236116199,-0.14238935915319922,-0.37723894269420655,-0.7216527387285498,0,0,1,0,0.9822261667560059,-0.6496211711528881,-0.34914119770767765,1,0,0,0,0,0,0,1
B0117,1,0,-0.6642229539173928,0.6998510944107146,0.3324345084266743,0.3040111286956538,0.7010313135747634,-0.37723894269420655,-0.9710196536818708,0,0,0,0,-0.7906821152583273,0.1295325702052163,-0.3700824453375706,1,0,0,0,0,1,0,0
B0118,0,0,0.5774116649148777,0.7532047337452508,0.8023121955306455,-0.47522341515957117,1.1051703859235777,-0.47470737764869075,2.0213833257579803,0,0,0,0,-0.3863346123427765,0.08272535448301103,0.9757762340519036,0,0,1,0,0,1,0,0
B0119,1,0,-0.32745884739448927,-0.5006057906163734,-0.6434653032508051,0.21409945055851326,-0.581670959532346,-0.7671126825121423,0.7745487509913757,0,0,0,0,-0.930648558575247,-0.8530047368130834,-0.5006808149326917,0,0,0,1,0,0,0,1
B0120,0,0,-0.1488274517606015,-1.4476328888044097,0.7300233205915728,0.08422702658264267,0.3496060332714457,-0.799602160830304,0.2758149210847338,0,0,0,0,-1.1328223100330213,-1.4027824099749884,-0.00890647938014673,1,0,0,0,0,0,1,0
B0121,0,0,11.145947842664084,0.19299152073261117,1.3625509763084578,0.23407982347787828,0.1563221291046205,-0.5071968559668526,0.7745487509913757,0,0,0,1,-0.8995449045048196,-0.2681216518595258,10.19758823450172,0,0,0,1,0,0,0,1
B0122,0,0,1.0810936329317418,1.64687819259875,-1.149487427824313,-0.19549819428846427,-2.690222641352251,-1.5793496404661753,0.2758149210847338,0,0,0,0,-0.8217857693287535,-0.3628061597695595,-0.24493775502356305,0,0,1,0,0,1,0,0
B0123,1,0,-0.4211671205139056,-0.20716077427641816,0.8384566330001817,2.342009166470859,0.05089454501362596,-0.052344159512593344,-0.222918908821908,0,0,0,0,2.3818905999252156,-0.16953654263930903,-0.36327452133591404,0,0,1,0,0,0,1,0
B0124,0,0,-0.3450291486043797,0.04626901256263261,0.6396622269177324,-0.4652332286998887,-0.493814639456517,-0.14981259446707754,0.2758149210847338,0,0,0,0,-0.4018864393779901,-0.08624317129883874,-0.4850244247488279,0,0,1,0,0,0,0,1
B0125,0,0,-0.424095504048888,-0.7006819381208881,1.3806231950432262,0.7235989600023138,-2.2157985129427717,-0.11732311614891576,-0.222918908821908,0,0,0,0,-0.13750537977936228,-0.5181743588592642,-1.1456646358615992,1,0,0,0,0,0,1,0
B0126,0,0,-0.4592361064686689,1.2867411270906233,0.6577344456525002,1.5627746226156338,1.2808830260752375,0.07761375376005149,-1.7191203985418335,0,0,0,0,1.1688480911785677,0.8604983520145006,0.02240997102747379,0,0,1,0,0,0,0,1
B0127,1,0,-0.44459418879376006,0.03293060272899906,0.11556788360945648,0.8534713839781845,0.06846580902879146,-0.44221789933052896,1.0239156659446966,0,0,0,0,0.06466837167841201,-0.3124435286938249,-0.3783950856953888,0,1,0,0,0,0,1,0
B0128,1,0,-0.5002334759584138,1.9269847991050717,0.820384414265414,0.22408963701819506,0.9118864817567541,0.20757166703269747,1.2732825808980175,0,0,0,0,-0.9150967315400343,1.3780011382293123,-0.14311249819016073,0,0,0,1,0,1,0,0
B0129,1,0,0.15279605234252114,-0.6606667086199856,-0.8603319280680229,-0.5651350932967124,0.3144635052411131,1.2472349732138595,0.7745487509913757,0,0,0,0,-0.24636816902585573,0.4486224685356388,0.25615481181750255,0,0,1,0,0,0,0,1
B0130,1,0,-0.33331561446445246,0.2863603895680498,-0.4085264596988195,-1.6640556038617738,1.2281692340297394,0.11010323207821326,1.7720164108046594,0,0,0,0,1.4643328048476227,0.2588737481632524,0.12860624537352924,0,1,0,0,0,0,0,1
B0131,0,0,0.059087779223104,0.33971402890258784,-0.19165983488160168,-0.18550800782878174,-0.12481809513803371,-1.1244969440119172,-0.7216527387285498,0,0,0,0,-0.8373375963639672,-0.658561487430211,0.003582666375991149,0,1,0,0,0,1,0,0
B0132,0,0,0.5510562131000416,0.2730219797344163,0.06135122740515243,0.20410926409883004,-1.3196640481693127,-0.5396863342850132,-1.7191203985418335,0,0,0,0,-0.9462003856104617,-0.24658204816435222,-0.05278914638165958,0,0,0,1,0,1,0,0
B0133,1,0,-0.2923182449747084,0.4864365370725645,-0.8964763655375592,-0.44525285578052365,-0.493814639456517,0.5974454068506331,-0.7216527387285498,0,0,0,0,-0.4329900934484175,0.7657793255088017,-0.43950858999489634,1,0,0,0,0,1,0,0
B0134,0,0,-0.4270238875838696,1.4868172745951378,-0.010937647533920177,-0.5451547203773474,-0.9330962398356638,8.264962289936705,-0.47228582377522893,0,1,0,0,-0.27747182309628304,8.040435287597,-0.7068489759661455,0,0,1,0,0,0,1,0
B0135,0,0,0.3080003796965544,1.540170913929676,0.5854455707134276,-1.3643500100713024,0.29689224122594765,-0.8645811174666264,0.026448006131412915,0,0,0,0,0.9977779937912197,0.20336784633338278,0.392159150175124,0,0,0,1,0,1,0,0
B0136,1,0,-0.7052203234071377,0.15297629123170672,-0.22780427235113798,-0.035655210933546115,-0.10724683112286665,0.07761375376005149,0.026448006131412915,0,0,0,0,-1.0706150018921687,0.15045083917841273,-0.6708201943358154,0,0,0,1,0,0,0,1
B0137,1,0,-1.030270895790114,-0.24717600377732263,-1.2217763027633854,-0.8148897547887718,-1.917087024684952,0.2400611453508581,-1.7191203985418335,0,0,0,0,0.14242750685448033,0.01738165288851853,-1.5048037296783663,0,1,0,0,0,0,0,1
B0138,1,0,-0.186896437715364,-0.3405448726127613,-0.4808153346378921,0.8834419433572327,1.0348853298629141,-0.24728102942156174,-1.4697534835885127,0,0,0,0,0.1113238527840541,-0.3912840011934666,0.20326219687848765,0,1,0,0,0,0,0,1
B0139,1,0,-0.18982482125034644,-0.4739289709491044,-1.7097262086021252,0.39392280683279574,-1.3020927841541472,1.539640278077311,-0.47228582377522893,0,0,0,0,-0.6507156719414054,0.7892519705612349,-0.6425608871591286,0,1,0,0,0,0,0,1
B0140,1,0,-0.5997985161477942,-0.20716077427641816,1.3625509763084578,-2.15357474038621,0.17389339311978602,1.312213929850182,0.7745487509913757,0,0,0,0,2.2263723295730813,0.8221136736346413,-0.4836922002676418,0,0,1,0,0,1,0,0
B0141,1,0,-0.022906959756385056,-0.1938223644427846,0.5673733519786599,-0.22546875366751182,0.45503361736244025,-1.1244969440119172,1.0239156659446966,0,0,0,0,-0.7751302882231125,-0.9416139718860169,0.14668486188682284,0,0,1,0,0,1,0,0
B0142,0,0,0.6271941850095675,-2.1945838394879313,0.4047233833657469,0.3539620609940657,0.19146465713495306,0.7274033201232779,-1.2203865686351918,0,0,0,0,-0.7129229800822601,-0.9504162137806789,0.64161176170752,0,1,0,0,0,0,1,0
B0143,1,0,-0.1810396706454008,0.6198206354089076,-1.2579207402329218,-0.7149878901919481,-0.7925261277143367,0.4349980152598265,0.026448006131412915,0,0,0,0,-0.013090763497654093,0.7260829404936587,-0.451355478769746,0,0,1,0,0,0,0,1
B0144,1,0,0.7560430605487656,0.5397901764071025,-1.6555095523978207,-0.30539024534497056,-2.1806559849124407,-1.2219653789664013,0.026448006131412915,0,0,0,0,-0.6507156719414054,-0.6290480881363436,-0.2565130608463257,1,0,0,0,0,0,0,1
B0145,1,0,0.023947176803323096,-0.20716077427641816,-0.8241874905984866,1.472862944478492,0.5604612014534364,0.2400611453508581,-0.9710196536818708,0,0,0,0,1.0288816478616458,0.042959932276537556,0.22995072698093827,0,1,0,0,0,0,1,0
B0146,1,0,0.4485627893756797,2.0470304876077794,-0.02900986626868873,0.5437756037280314,1.8607347385757114,0.4349980152598265,1.7720164108046594,0,0,0,0,-0.4174382664132038,1.6605358437501367,1.1567642513789613,0,0,1,0,0,0,1,0
B0147,1,1,-0.17811128711041918,-0.1938223644427846,-0.5531042095769647,-0.97473273814369,2.1770174908486966,-0.11732311614891576,-1.2203865686351918,0,0,0,0,0.3912567394178956,-0.20861159293247605,0.6247405883190483,0,1,0,0,0,0,0,1
B0148,1,1,0.26700301020681033,-1.5543401674734847,0.16978453981376054,-0.40529210994179427,0.859172689711256,-0.6371547692394974,-0.9710196536818708,0,0,0,0,-0.495197401589271,-1.361532688154905,0.5755877440310783,0,0,1,0,0,0,0,1
B0149,1,1,0.5656981307749505,-0.22049918411005362,-0.9326208030070955,0.15415833180041816,-1.7062318565029615,0.857361233395924,-1.7191203985418335,0,0,0,0,-1.0239595207865289,0.48238165509634323,-0.20127896045552673,0,1,0,0,0,1,0,0
B0150,1,0,-0.424095504048888,0.8599120124143268,0.42279560210051464,-1.14456590795829,-0.5992422235475116,-0.08483363783075513,0.2758149210847338,0,0,0,0,0.6556377990165234,0.4613253117404845,-0.5895655111031067,0,0,1,0,0,1,0,0
B0151,0,0,0.09715676517786734,0.1596454961485254,-0.10129874120776133,0.06424665366327763,-0.0369617750622031,-1.8067759886933055,-0.222918908821908,0,0,0,0,-1.1639259641034485,-1.2698512980677552,0.0709462486134075,0,0,0,1,0,0,0,1
B0152,0,0,-0.3948116686990703,0.2730219797344163,-1.0771985528852404,0.2740405693166069,-1.2493789921086491,-1.156986422330079,1.5226494958513386,0,0,0,0,-0.8373375963639672,-0.7187964368662338,-0.7895056144380096,0,1,0,0,0,1,0,0
B0153,1,0,-0.711077090477101,0.7665431435788862,-0.19165983488160168,1.7026372330511863,-1.4426628962754742,0.07761375376005149,-0.9710196536818708,0,0,0,0,1.3865736696715545,0.5347118461250027,-1.1080907674362839,0,0,0,1,0,0,1,0
B0154,0,0,-0.3011033955796532,-0.44725215128183726,0.1517123210789928,-1.3143990777728907,0.19146465713495306,-0.2797705077397224,0.7745487509913757,0,0,0,0,0.9200188586151524,-0.4783398994614596,-0.20534536465705505,0,1,0,0,0,0,0,1
B0155,1,0,-0.6261539679626295,0.5397901764071025,-0.10129874120776133,2.2121367424949883,-0.1599606231683647,-0.44221789933052896,0.026448006131412915,0,0,0,0,2.179716848467441,-0.015997829119866813,-0.6177404073622522,0,1,0,0,0,0,1,0
B0156,1,0,-0.14004230115565586,-1.5276633478062158,7.272166502577638,1.2530788423654795,0.859172689711256,-0.3447494643760459,-0.222918908821908,0,0,1,0,0.6867414530869497,-1.1646040998841283,0.18482391645567192,0,1,0,0,0,0,1,0
B0157,1,0,-0.40359681930401514,-0.647328298786352,0.1517123210789928,-1.0746346027405138,0.8064588976657581,-0.019854681194432715,-1.2203865686351918,0,0,0,0,0.54677500977003,-0.41817398721676863,-0.0863993717224528,0,0,0,1,0,0,0,1
B0158,1,0,0.6418361026844763,0.019592192895363614,0.5854455707134276,0.17413870471978318,0.06846580902879146,0.6299348851687937,0.026448006131412915,0,0,0,0,-0.9928558667161016,0.47827394221216607,0.6033075553434831,0,1,0,0,0,0,1,0
B0159,0,0,-0.6730081045223384,0.6331590452425431,0.26014563348760167,3.540831541632744,-1.3020927841541472,-0.8645811174666264,-0.7216527387285498,1,0,0,0,4.248109844150829,-0.296599493283433,-1.0319337696150581,0,0,0,1,0,0,1,0
B0160,1,0,-0.7257190081520098,1.100003389419744,0.27821785222236944,2.0822643185191176,0.75374510562026,0.5324664502143107,-0.47228582377522893,0,0,0,0,1.977543097009667,1.1214589352444888,-0.4114254447330755,1,0,0,0,0,0,1,0
B0161,1,0,0.24357594192695584,0.6865126845770791,-0.39045424096405135,-1.374340196530985,-0.26538820725936085,0.1425927103963739,2.0213833257579803,0,0,0,0,1.0133298208264332,0.5364377759082681,0.11269295239715038,0,1,0,0,0,1,0,0
B0162,1,0,-0.5734430643329581,-0.7673739872890596,0.5312289145091236,1.1931377236073857,0.05089454501362596,0.7274033201232779,0.026448006131412915,0,0,0,0,0.5934304908756699,0.017278097101522744,-0.5006808149326917,1,0,0,0,0,0,1,0
B0163,0,0,0.15572443587750273,0.49977494690619995,0.8926732892044866,1.5427942496962688,0.10360833705912402,0.5324664502143107,0.026448006131412915,0,0,0,0,1.1377444371081404,0.7238047131797478,0.17759760790620535,0,0,1,0,0,0,1,0
B0164,1,0,-0.48559155828350503,0.6064822255752741,-0.6434653032508051,0.3040111286956538,-2.883506545519075,-0.2797705077397224,-0.9710196536818708,0,0,0,0,-0.7906821152583273,0.15158995283537002,-1.4179779258879672,0,1,0,0,0,1,0,0
B0165,0,0,0.0034484920584510396,-1.927815642815245,0.7300233205915728,0.004305534905182531,-0.4762433754413499,-0.5071968559668526,-0.222918908821908,0,0,0,0,-1.1328223100330213,-1.4975359550763532,-0.17753380234732297,0,1,0,0,0,0,0,1
B0166,1,0,-0.19568158832030963,0.16631470106534027,0.3685789458962106,2.0023428268416574,0.17389339311978602,0.5649559285324713,-1.4697534835885127,0,0,0,0,1.8531284807279578,0.5274629410352792,-0.11549177795486909,0,0,1,0,0,0,1,0
B0167,1,0,0.5012736930053519,-1.4476328888044097,-0.9506930217418637,0.23407982347787828,0.5780324654686019,-1.1894759006482396,0.2758149210847338,0,0,0,0,-0.8995449045048196,-1.6475882904335948,0.6852191757170528,0,0,1,0,0,0,0,1
B0168,0,0,0.01223364266339585,0.7398663239116172,0.3866511646309784,1.3929414528010333,-1.0560950879418238,-0.2797705077397224,-1.7191203985418335,0,0,0,0,0.9044670315799388,0.23132790882230977,-0.3874527441515014,0,0,0,1,0,0,1,0
B0169,1,0,-0.6730081045223384,-0.20716077427641816,0.1878567585485291,-1.5241929934262206,2.2121600188790276,0.5649559285324713,0.5251818360380548,0,0,0,0,1.2466072263546348,0.27906712662747835,0.1145866929819772,1,0,0,0,0,0,0,1
B0170,0,0,-0.968774841555497,-0.6606667086199856,-0.28202092855544286,-0.11557670261100554,-1.7589456485484594,-1.027028509057433,-0.222918908821908,0,0,0,0,-0.9462003856104606,-1.12197363423743,-1.4096873057695083,1,0,0,0,0,0,0,1
B0171,0,1,0.6242658014745859,0.08628424206353517,-0.28202092855544286,0.03427609428423079,-0.23024567922902828,-0.6371547692394974,0.026448006131412915,0,0,0,0,-1.1794777911386634,-0.42745948945074613,0.4623376530105292,0,1,0,0,0,0,1,0
B0172,1,0,0.8087539641784377,0.20632993056624474,-0.39045424096405135,-1.1345757214986074,0.3496060332714457,-1.1894759006482396,0.026448006131412915,0,0,0,0,0.6400859719813098,-0.7786862003456021,0.8755694648113489,0,0,1,0,0,0,0,1
B0173,1,0,-0.29817501204467156,-2.261275888656103,-1.691653989867357,-0.9147916193855956,-0.10724683112286665,0.4025085369416647,-1.7191203985418335,0,0,0,0,0.29794577720661475,-1.1785841311285912,-0.30811382174297736,0,0,0,1,0,0,0,1
B0174,0,0,0.0298039438732863,0.446421307571662,0.20592897728329684,0.5637559766473964,-0.05453303907737016,0.4025085369416647,-0.7216527387285498,0,0,0,0,-0.3863346123427765,0.5872491487276523,0.00397903068444403,0,0,1,0,0,0,1,0
B0175,1,0,-0.1751829035754376,0.019592192895363614,1.7962842259428933,0.38393262037311393,-0.9155249758204967,-0.08483363783075513,0.5251818360380548,0,0,1,0,-0.666267498976618,-0.05407184013874001,-0.4909185088171084,0,0,1,0,0,0,1,0
B0176,0,0,0.5276291448201872,0.47309812723893097,-1.0771985528852404,0.14416814534073635,-0.24781694324419376,0.5974454068506331,2.520117155664622,0,0,0,0,-1.0395113478217415,0.7568735278271446,0.36983796754543435,0,1,0,0,0,0,0,1
B0177,1,0,0.1440109017375755,-0.5006057906163734,-0.751898615659414,-0.7149878901919481,-0.21267441521386277,-0.37723894269420655,-1.4697534835885127,0,0,0,0,-0.013090763497654093,-0.5787890128476049,0.0453660705586656,0,0,1,0,0,0,0,1
B0178,1,0,-0.7198622410820466,-1.3409256101353355,-0.6253930845160369,-0.6650369578935362,0.19146465713495306,0.6624243634869555,-0.222918908821908,0,0,0,0,-0.0908498986737213,-0.41296167927130245,-0.5874111976858701,0,0,0,1,0,0,0,1
B0179,1,0,-0.41531035344394235,0.2996987994016853,0.09749566487468873,-0.18550800782878174,-1.108808879987322,0.1425927103963739,0.2758149210847338,0,0,0,0,-0.8373375963639672,0.29218419298030845,-0.757657008245894,0,1,0,0,0,0,0,1
B0180,0,0,-0.608583666752739,0.6464974550761766,-0.6253930845160369,-0.5451547203773474,-0.9682387678659948,-0.7671126825121423,-0.7216527387285498,0,0,0,0,-0.27747182309628304,-0.21178730373368748,-0.8695638646655763,0,1,0,0,0,0,0,1
B0181,1,0,-0.11954361641078379,1.126680209087013,-0.11937095994252908,-0.7149878901919481,0.3496060332714457,1.4421718431228268,0.026448006131412915,0,0,0,0,-0.013090763497654093,1.8968846682707343,0.01814171463182602,0,0,0,1,0,1,0,0
B0182,0,0,0.9522447573925438,1.3267563565915277,-0.9506930217418637,-0.4352626693208411,-2.26851230498827,-0.7346232041939815,0.7745487509913757,0,0,0,0,-0.4485419204836311,0.19604990405233014,-0.14954607812272405,0,1,0,0,0,0,0,1
B0183,0,1,-0.1576126023655463,-1.114172642963552,0.8023121955306455,-0.24544912658687615,-0.6168134875626771,-0.44221789933052896,-1.7191203985418335,0,0,0,0,-0.7440266341526863,-0.9833469540454153,-0.36784005096290145,0,1,0,0,0,0,1,0
B0184,0,1,0.06787292982804964,-0.5272826102836424,0.5673733519786599,-0.5451547203773474,-0.7222410716536731,-0.8645811174666264,-1.4697534835885127,0,0,0,0,-0.27747182309628304,-0.9362635895578891,-0.21507831045349357,0,0,1,0,0,0,0,1
B0185,1,0,-0.6261539679626295,1.0466497500852059,0.09749566487468873,1.2231082829864326,-1.389949104229976,-1.1244969440119172,-0.47228582377522893,0,0,0,0,0.6400859719813098,-0.2835169455262693,-1.0231330139514607,0,1,0,0,0,0,1,0
B0186,0,0,-0.8955652531809528,-0.9007580856254027,-0.19165983488160168,-0.5351645339176648,0.718602577589929,-1.0920074656937555,-1.2203865686351918,0,0,0,0,-0.2930236501314967,-1.294842761329463,-0.5841081617821019,0,1,0,0,0,0,0,1
B0187,1,0,-0.9365626226706977,0.9266040615824983,-0.04708208500345648,1.1931377236073857,-0.0369617750622031,0.9873191466685688,0.026448006131412915,0,0,0,0,0.5934304908756699,1.378208249803304,-0.8553534701995846,0,0,0,1,0,0,0,1
B0188,1,0,0.15865281941248432,0.019592192895363614,-1.3302096151719944,-0.6550467714338537,-0.8100973917295022,-0.18230207278523933,0.2758149210847338,0,0,0,0,-0.10640172570893497,-0.12666444682295463,-0.17204342266728131,1,0,0,0,0,0,0,1
B0189,1,0,-0.13125715055071105,-1.8611235936470736,-1.149487427824313,-0.7349682631113124,0.0157520169832934,0.6299348851687937,-1.4697534835885127,0,0,0,0,0.01801289057277213,-0.7823106528904638,-0.11449719714384557,1,0,0,0,0,0,0,1
B0190,0,0,0.1762231206223748,1.3134179467578921,-0.6253930845160369,-1.8538691465957386,-0.3532445273351899,-0.47470737764869075,0.026448006131412915,0,0,0,0,1.759817518516678,0.4089260835204946,0.019451918873653315,0,0,1,0,0,1,0,0
B0191,1,0,0.021018793268341492,-0.6206514791190829,0.1878567585485291,0.03427609428423079,0.771316369635427,-0.2797705077397224,0.026448006131412915,0,0,0,0,-1.1794777911386634,-0.5819992422444822,0.306430688312755,0,1,0,0,0,0,1,0
B0192,1,0,-0.0346204938963123,-0.5272826102836424,1.037251039082631,0.9533732485750082,0.4726048813776073,-0.21479155110339995,1.7720164108046594,0,0,0,0,0.22018664203054641,-0.4806181267753724,0.1423101743342767,0,0,0,1,0,0,1,0
B0193,0,0,-0.043405644501257945,0.2196683403998783,-0.3723820222292832,0.9433830621153264,-0.08967556710770115,-0.24728102942156174,0.5251818360380548,0,0,0,0,0.20463481499533387,-0.054934805030372784,-0.07457450318696103,0,1,0,0,0,0,1,0
B0194,0,0,-1.48709872724727,0.6198206354089076,-0.11937095994252908,-1.1345757214986074,2.616299091227843,0.20757166703269747,1.0239156659446966,0,0,0,0,0.6400859719813098,0.5458268339292415,-0.6371182179976959,0,0,0,1,0,0,1,0
B0195,1,0,0.36656805039618984,0.5264517665734689,-0.010937647533920177,-0.40529210994179427,-0.493814639456517,1.3771928864865044,3.0188509855712637,0,0,0,0,-0.495197401589271,1.4047185312742863,0.12943934442925706,1,0,0,0,0,1,0,0
B0196,0,0,-0.2747479437648171,0.3797292584034904,0.025206789935616127,-0.25543931304655865,0.08603707304395695,-1.027028509057433,-1.4697534835885127,0,0,0,0,-0.7284748071174726,-0.5619439381629185,-0.21868962970828038,0,1,0,0,0,0,0,1
B0197,1,0,0.12058383345772183,1.1133417992533776,0.11556788360945648,0.05425646720359441,-0.5992422235475116,-0.6371547692394974,0.7745487509913757,0,0,0,0,-1.1794777911386634,0.15728552112015048,-0.12333098316647911,1,0,0,0,0,1,0,0
B0198,1,0,0.006376875593432643,0.7131895042443482,-0.46274311590312395,-0.035655210933546115,0.08603707304395695,-0.9620495524211106,0.2758149210847338,0,0,0,0,-1.0706150018921687,-0.3304622356311344,0.03568817536062361,0,0,0,1,0,0,0,1
B0199,0,0,-0.3216020803245261,-0.20716077427641816,-0.7699708343941821,0.733589146461997,1.8783060025908769,-0.6371547692394974,1.0239156659446966,0,0,0,0,-0.12195355274414753,-0.594529492471001,0.36856079366264316,1,0,0,0,0,0,0,1
B0200,0,0,0.3841383516060811,1.3801099959260639,-0.06515430373822503,0.4438737391312076,0.24417844918044956,1.3447034081683438,-0.222918908821908,0,0,0,0,-0.5729565367653382,1.9999917135231116,0.4410257313514351,0,1,0,0,0,0,0,1
B0201,0,0,-0.13711391762067424,-0.3005296431118587,0.1517123210789928,1.8125292841076932,0.6483175215292654,0.4025085369416647,1.5226494958513386,0,0,0,0,1.5576437670589036,0.10012272669834463,0.11078453165275078,0,0,1,0,0,0,1,0
B0202,1,0,-0.9219207049957889,-1.2608951511335296,-1.0229818966809359,-1.444271501748761,-0.6343847515778441,0.5974454068506331,-0.47228582377522893,0,0,0,0,1.1221926100729267,-0.4008801707884314,-1.0265351409323429,0,0,1,0,0,0,0,1
B0203,0,0,-1.2059739078890201,0.47309812723893097,-0.6976819594551096,0.9833438079540564,-0.8452399197598333,0.46748749357798713,-1.2203865686351918,0,0,0,0,0.26684212313618855,0.6553888565710372,-1.3297428267786269,0,1,0,0,0,0,1,0
B0204,1,0,-0.1839680541803824,-0.8340660364572312,0.043279008670383874,-0.6350663985144887,0.27932097721078214,0.9873191466685688,0.026448006131412915,0,0,0,0,-0.13750537977936228,0.14796550029050898,-0.06674630809502916,0,0,1,0,0,1,0,0
B0205,1,0,-1.185475223144148,0.03293060272899906,0.9107455079392544,1.7026372330511863,1.1227416499387433,-0.11732311614891576,0.2758149210847338,0,0,0,0,1.3865736696715545,-0.07012298712312227,-0.7424373528093068,0,0,0,1,0,0,1,0
B0206,1,0,0.09422838164288573,-0.2605144136109562,0.27821785222236944,0.09421721304232447,0.6483175215292654,0.857361233395924,-0.9710196536818708,0,0,0,0,-1.1172704829978086,0.4548358157554006,0.3293941279237336,0,1,0,0,0,0,1,0
B0207,1,0,0.6213374179396043,0.8065583730797887,-0.8964763655375592,-0.14554726199005238,-0.1599606231683647,-0.31225998605788413,0.7745487509913757,0,0,0,0,-0.8995449045048207,0.24496275411012006,0.4891729847087036,0,0,1,0,0,1,0,0
B0208,0,0,0.0298039438732863,-0.44725215128183726,-0.5711764283117324,-0.44525285578052365,-0.0193905110470376,-1.0595179873755949,1.7720164108046594,0,0,0,0,-0.4329900934484175,-1.0300851325762894,0.01720585445909116,0,1,0,0,0,0,0,1
B0209,0,0,0.5920535825897866,-0.07377667594007505,-0.31816536602497913,-0.6650369578935362,-0.7046698076385076,-0.2797705077397224,0.2758149210847338,0,0,0,0,-0.0908498986737213,-0.255073622698025,0.23632925631510424,0,0,1,0,0,1,0,0
B0210,0,0,0.33435583151139053,0.31303720923531886,-0.4265986784335877,-0.19549819428846427,0.5604612014534364,-0.18230207278523933,-0.47228582377522893,0,0,0,0,-0.8217857693287535,0.05103728366222719,0.5213298742518379,0,1,0,0,0,0,0,1
B0211,1,0,-0.040477260966275505,0.17965311089897573,-0.11937095994252908,0.7235989600023138,1.7728784184998807,1.2472349732138595,1.0239156659446966,0,0,0,0,-0.13750537977936228,1.0531811530184403,0.6197236437852132,1,0,0,0,0,0,0,1
B0212,0,0,0.03273232740826874,0.33971402890258784,-1.4747873650501393,-1.0746346027405138,-0.7046698076385076,-0.052344159512593344,0.026448006131412915,0,0,0,0,0.54677500977003,0.1672959138630997,-0.23823259213891182,0,0,1,0,0,0,0,1
B0213,1,0,-0.7198622410820466,-0.7006819381208881,-0.3723820222292832,0.20410926409883004,1.8958772666060424,0.3375295803053423,-0.7216527387285498,0,0,0,0,-0.9462003856104617,-0.20550491932259513,-0.037044675240362396,0,0,0,1,0,0,1,0
B0214,1,0,0.5129872271452783,-0.07377667594007505,0.8565288517349503,-0.7549486360306774,-0.8276686557446677,-0.9295600741029488,0.5251818360380548,0,0,0,0,0.04911654464319945,-0.7341917305329755,0.11871181782179505,0,0,1,0,0,0,1,0
B0215,0,0,-0.8574962672261894,0.7131895042443482,-0.2639487098206743,1.133196604849292,-1.0385238239266583,-0.5396863342850132,-0.9710196536818708,0,0,0,0,0.5001195286643901,0.00744029733690108,-1.0980825686478646,1,0,0,0,0,0,1,0
B0216,1,0,-0.7550028435018274,-0.8207276266235977,-0.010937647533920177,-0.5951056526757593,1.1051703859235777,0.3050401019871805,-1.4697534835885127,0,0,0,0,-0.19971268792021585,-0.305194623604104,-0.3267209240008748,0,0,0,1,0,1,0,0
B0217,1,0,-0.5763714478679397,0.12629947156443963,-1.2398485214981536,-0.5551449068370299,0.26174971319561663,0.6624243634869555,-0.7216527387285498,0,0,0,0,-0.26191999606106936,0.5742701567574845,-0.433078680102226,1,0,0,0,0,0,0,1
B0218,1,0,-0.1283287670157286,0.33971402890258784,0.5493011332438921,-1.6740457903214563,0.8767439537264216,-0.052344159512593344,1.0239156659446966,0,0,0,0,1.4798846318828365,0.1672959138630997,0.20248414842115553,1,0,0,0,0,0,0,1
B0219,0,0,0.36363966686120824,-0.24717600377732263,-0.010937647533920177,0.3639522474537489,0.5428899374382709,-0.31225998605788413,0.2758149210847338,0,0,0,0,-0.6973711530470453,-0.3822401291291472,0.5417866766158455,0,0,1,0,0,0,1,0
B0220,1,0,-0.36259944981427017,0.2463451600671473,0.06135122740515243,0.10420739950200629,-0.14238935915319922,0.7274033201232779,-0.9710196536818708,0,0,0,0,-1.1017186559625962,0.7046123739898157,-0.3777638388337796,1,0,0,0,0,0,0,1
B0221,1,0,1.780977297792385,-3.18162616717687,1.3806231950432262,0.38393262037311393,1.8431634745605459,0.5324664502143107,-0.222918908821908,0,0,0,1,-0.666267498976618,-1.7151411821506695,2.522257644196394,0,1,0,0,0,0,1,0
B0222,0,0,-0.0961165481309293,-0.07377667594007505,-0.7157541781898776,0.10420739950200629,-0.9858100318811603,-1.4169022488753686,-1.4697534835885127,0,0,0,0,-1.1017186559625962,-1.093530311409187,-0.45084534322460795,0,0,0,1,0,1,0,0
B0223,0,0,0.15572443587750273,0.8198967829134223,0.6396622269177324,-0.7549486360306774,-0.44110084741101896,0.7274033201232779,0.5251818360380548,0,0,0,0,0.04911654464319945,1.0934988727555606,-0.032310323778294105,1,0,0,0,0,1,0,0
B0224,1,0,-0.2396073413450362,1.3801099959260639,-0.3543098034945151,-0.8148897547887718,-0.12481809513803371,0.5974454068506331,0.2758149210847338,0,0,0,0,0.14242750685448033,1.3624677701799064,-0.26220162268059377,0,0,1,0,0,1,0,0
B0225,1,0,-0.40945358637397916,1.073326569752475,-1.5290040212544438,1.4329021986397634,-0.37081579135035536,0.8248717550777621,1.5226494958513386,0,0,0,0,0.9666743397207934,1.3461059558345356,-0.4982145481245443,0,1,0,0,0,0,1,0
B0226,0,0,-0.41531035344394235,0.446421307571662,-0.08322652247299278,-1.2244873996357493,-0.6168134875626771,-1.3519232922390463,1.2732825808980175,0,0,0,0,0.7800524152982317,-0.7790659048979212,-0.5881011651857688,0,1,0,0,0,0,0,1
B0227,0,1,-0.08733139752598448,0.9666192910834008,-0.31816536602497913,-0.7349682631113124,0.5956037294837674,-0.7021337258758198,0.026448006131412915,0,0,0,0,0.01801289057277213,0.02045380790273418,0.13842727212740116,0,0,0,1,0,1,0,0
B0228,0,0,0.6476928697544404,0.9266040615824983,-0.15551539741206538,-0.32537061826433555,-1.7413743845332939,0.954829668350407,0.7745487509913757,0,0,0,0,-0.6196120178709781,1.351663449736655,-0.15234264852124715,0,0,0,1,0,0,0,1
B0229,0,1,0.09715676517786734,0.8599120124143268,-0.4988875533726603,0.783540078760409,-1.6183755364271324,0.6949138418051173,-1.7191203985418335,0,0,0,0,-0.04419441756808031,1.0942582818601987,-0.5318578038243744,1,0,0,0,0,0,1,0
B0230,1,0,0.006376875593432643,-2.581397724663326,-0.5350319908421965,-0.14554726199005238,0.20903592115011857,0.7598927984414398,0.7745487509913757,0,0,0,0,-0.8995449045048207,-1.195222094239286,0.08177653633787572,1,0,0,0,0,0,0,1
B0231,1,0,-0.5939417490778302,-0.1938223644427846,0.24207341475283314,-1.3243892642325732,-0.8803824477901657,0.1425927103963739,1.2732825808980175,0,0,0,0,0.935570685650366,-0.019449688686401567,-0.8282575656690021,1,0,0,0,0,0,0,1
B0232,0,1,0.48663177533044305,0.39306766823712586,9.603482719362727,-0.5851154662160768,-0.08967556710770115,-0.08483363783075513,-0.9710196536818708,0,0,1,0,-0.2152645149554295,0.17499356069647143,0.39839087791356786,0,1,0,0,0,0,0,1
B0233,0,0,0.5334859118901512,-1.6610474461425588,-0.8422597093332548,0.673648027703902,-0.12481809513803371,-0.8970705957847882,2.520117155664622,0,0,0,0,-0.2152645149554295,-1.581070956586481,0.42571065487762766,0,1,0,0,0,0,1,0
B0234,0,0,-0.6144404338227031,-1.1808646921317234,0.20592897728329684,0.004305534905182531,1.0173140658477486,-1.4818812055116923,0.7745487509913757,0,0,0,0,-1.1328223100330213,-1.697260549596023,-0.21834464595833183,1,0,0,0,0,0,0,1
B0235,0,0,-0.5558727631230677,-0.6873435282872545,0.296290070957138,1.9523918945432457,0.8240301616809235,0.4025085369416647,-1.4697534835885127,0,0,0,0,1.7753693455518904,-0.15213917042397665,-0.22613247061144,1,0,0,0,0,0,1,0
B0236,1,0,-0.1488274517606015,1.126680209087013,-0.9687652404766318,-0.47522341515957117,0.4023198253169437,2.4168561926676664,-0.7216527387285498,0,1,0,0,-0.3863346123427765,2.7087620383195836,0.010262138981390612,0,1,0,0,0,1,0,0
B0237,0,0,1.7634069965824946,0.3663908485698569,0.007134571200847572,-0.035655210933546115,-0.8276686557446677,-0.47470737764869075,0.7745487509913757,0,0,0,1,-1.0706150018921687,-0.14250848223334533,1.1686735308319935,0,1,0,0,0,0,1,0
B0238,1,0,-0.5734430643329581,0.7798815534125197,0.4770122583048195,0.7635597058410439,-0.19510315119869728,-0.6371547692394974,0.7745487509913757,0,0,0,0,-0.07529807163850764,-0.03256675503923168,-0.5826841863035886,0,1,0,0,0,0,1,0
B0239,1,0,-0.8633530342961535,-0.46059056111547086,-0.39045424096405135,-0.11557670261100554,1.7201646264543842,0.01263479712372907,1.0239156659446966,0,0,0,0,-0.9462003856104606,-0.2797199000030807,-0.24034653511732385,1,0,0,0,0,0,1,0
B0240,0,0,0.2025785724372109,1.1400186189206465,-0.8422597093332548,-0.5351645339176648,1.0348853298629141,0.5649559285324713,-1.2203865686351918,0,0,0,0,-0.2930236501314967,1.1750663143127653,0.5820396741631056,0,1,0,0,0,1,0,0
B0241,0,0,-0.11954361641078379,1.2200490779224515,-0.07419041310560891,0.9633634350346914,0.03332328099846046,-1.5793496404661753,1.0239156659446966,0,0,0,0,0.2357384690657612,-0.5737838164761309,-0.09753060271815284,1,0,0,0,0,0,1,0
B0242,1,0,0.5656981307749505,0.16631470106534219,-0.7157541781898776,-0.38531173702242927,0.3847485613017767,0.4999769718961489,0.5251818360380548,0,0,0,0,-0.5263010556596983,0.4783084608078338,0.6656395128874907,0,0,0,1,0,0,0,1
B0243,0,0,0.30214361262659123,-0.6206514791190829,-0.6796097407203414,0.024285907824547565,1.7201646264543842,-0.24728102942156174,-0.222918908821908,0,0,0,0,-1.1639259641034485,-0.5594585992750147,0.9501043049998344,0,1,0,0,0,0,1,0
B0244,0,0,-1.1386210865844393,0.3797292584034904,-0.6253930845160369,-0.6050958391354417,0.4023198253169437,0.2400611453508581,0.5251818360380548,0,0,0,0,-0.18416086088500216,0.4181080299674763,-0.9076882390748525,1,0,0,0,0,1,0,0
B0245,0,0,-0.1576126023655463,0.9399424714161319,0.458940039570051,0.044266280743912596,-1.0560950879418238,0.1425927103963739,1.7720164108046594,0,0,0,0,-1.195029618173876,0.6964659854127956,-0.527303284317066,1,0,0,0,0,0,0,1
B0246,1,0,0.5832684319848409,-1.1008342331299175,-1.27599295896769,-0.3953019234821118,-2.2509410409731045,0.5324664502143107,1.2732825808980175,0,0,0,0,-0.5107492286244847,-0.3366065456595645,-0.4141449442938458,1,0,0,0,0,1,0,0
B0247,1,0,0.3284990644414273,-1.4876481183053132,0.27821785222236944,0.10420739950200629,0.3496060332714457,0.3700190586235041,-0.9710196536818708,0,0,0,0,-1.1017186559625962,-0.6943572711351709,0.4319790830150023,0,0,1,0,0,0,0,1
B0248,1,0,0.059087779223104,-0.3538832824463967,0.621590008182964,-0.035655210933546115,-0.33567326332002284,0.5974454068506331,0.5251818360380548,0,0,0,0,-1.0706150018921687,0.20471407156433047,-0.07621868105905873,0,0,0,1,0,0,0,1
B0249,0,0,-1.1093372512346216,-1.167526282298089,1.236045445165081,-0.40529210994179427,0.3847485613017767,-0.40972842101236834,1.2732825808980175,0,0,0,0,-0.495197401589271,-0.9934263839796956,-0.8857157102350045,0,0,1,0,0,0,1,0
B0250,1,0,1.0898787835366874,0.20632993056624474,0.621590008182964,1.8624802164061052,1.3687393461510664,0.857361233395924,-0.222918908821908,0,0,0,0,1.6354029022349708,0.7762039413997365,1.595866174386075,0,1,0,0,0,0,1,0
B0251,1,0,-0.0931881645959477,-0.38056010211366575,-0.11937095994252908,1.3030297746638912,-0.7046698076385076,0.7274033201232779,0.5251818360380548,0,0,0,0,0.7645005882630169,0.279550386966792,-0.3450711234662563,0,1,0,0,0,0,1,0
B0252,0,0,0.19379342183226608,-0.1137919054409795,0.3685789458962106,0.044266280743912596,0.6307462575141,-0.9295600741029488,-0.47228582377522893,0,0,0,0,-1.195029618173876,-0.7560420015891377,0.4166603365013019,1,0,0,0,0,0,0,1
B0253,1,0,-0.1488274517606015,1.9936768482732432,-0.17358761614683393,-0.2054883807481468,0.05089454501362596,0.07761375376005149,-0.7216527387285498,0,0,0,0,-0.8062339422935398,1.30323386001818,-0.11752865009552584,0,0,1,0,0,0,0,1
B0254,1,0,0.54812782956506,-0.5272826102836424,-0.06515430373822503,-0.2654294995062412,0.5956037294837674,0.01263479712372907,0.026448006131412915,0,0,0,0,-0.712922980082259,-0.3211422148014917,0.7365226633823665,1,0,0,0,0,0,0,1
B0255,1,0,0.6213374179396043,-0.1404687251082466,0.5493011332438921,0.3539620609940657,-0.8628111837750003,0.857361233395924,0.2758149210847338,0,0,0,0,-0.7129229800822601,0.5374733337782297,0.1949825868797072,0,0,0,1,0,1,0,0
B0256,0,0,0.7296876087339295,-0.647328298786352,1.0011066016130954,0.713608773542632,-1.108808879987322,-0.31225998605788413,2.769484070617943,0,0,0,0,-0.15305720681457485,-0.6204184392200086,0.18082357297221907,0,0,1,0,1,0,0,0
B0257,1,0,-0.3948116686990703,0.3263756190689543,-0.3362375847597469,-0.2054883807481468,-0.3532445273351899,-0.21479155110339995,0.026448006131412915,0,0,0,0,-0.8062339422935398,0.03412317178620971,-0.4793615531938116,0,0,0,1,0,0,0,1
B0258,1,0,-1.4168175224077073,0.7665431435788862,-0.8241874905984866,0.03427609428423079,0.7010313135747634,0.07761375376005149,-0.47228582377522893,0,0,0,0,-1.1794777911386634,0.5347118461250027,-1.0840850364956711,0,0,0,1,0,0,0,1
B0259,0,0,0.041517478013213545,0.9932961107506698,-0.31816536602497913,-1.2744383319341612,-0.31810199930485733,-1.027028509057433,1.2732825808980175,0,0,0,0,0.8578115504742989,-0.23167001483692484,-0.08496071608436669,0,1,0,0,0,0,0,1
B0260,1,0,-0.20446673892525527,0.19299152073261117,-1.3482818339067626,0.9034223162765963,-0.9155249758204967,0.7598927984414398,1.7720164108046594,0,0,0,0,0.14242750685447922,0.6930831630375925,-0.5153242741060661,0,1,0,0,0,0,0,1
B0261,1,0,0.1440109017375755,-0.15380713494188206,-0.28202092855544286,0.03427609428423079,0.9646002738022507,1.3447034081683438,-0.222918908821908,0,0,0,0,-1.1794777911386634,0.8845232945975792,0.4980544812499476,0,1,0,0,0,0,0,1
B0262,0,0,-0.1283287670157286,-1.6743858559761933,1.0011066016130954,-0.6850173308129005,2.018876114712204,-0.3447494643760459,1.0239156659446966,0,0,0,0,-0.059746244603295084,-1.2515564423651249,0.6194740810724849,0,0,0,1,0,0,1,0
B0263,0,0,0.0298039438732863,-0.5806362496181804,0.1517123210789928,-0.32537061826433555,-0.8803824477901657,-0.799602160830304,-1.7191203985418335,0,0,0,0,-0.6196120178709781,-0.9203850355518319,-0.3068513280197598,0,1,0,0,0,0,0,1
B0264,0,0,-0.21910865660016413,1.1400186189206465,-0.04708208500345648,-0.5351645339176648,1.210597970014574,0.4349980152598265,-0.222918908821908,0,0,0,0,-0.2930236501314967,1.0666779239235895,0.23494932131530763,0,1,0,0,0,1,0,0
B0265,1,0,0.2845733114167008,-1.767754724811633,-0.3543098034945151,0.2740405693166069,0.6658887855444309,0.5974454068506331,0.2758149210847338,0,0,0,0,-0.8373375963639672,-0.7393004826914464,0.5161954884414237,1,0,0,0,0,0,0,1
B0266,0,0,-0.9248490885307705,0.49977494690619995,0.5493011332438921,1.42291201218008,0.03332328099846046,-1.027028509057433,0.2758149210847338,0,0,0,0,0.9511225126855787,-0.49732512707739773,-0.8231892405766643,0,0,0,1,0,0,1,0
B0267,0,0,-0.38016975102416145,0.6865126845770791,-0.6434653032508051,0.29402094223597197,0.05089454501362596,-0.3447494643760459,-0.222918908821908,0,0,0,0,-0.8062339422935398,0.14758579573818864,-0.32628051921370604,1,0,0,0,0,0,0,1
B0268,1,0,0.0034484920584510396,1.0466497500852059,-0.39045424096405135,0.03427609428423079,0.5956037294837674,1.084787581623053,1.0239156659446966,0,0,0,0,-1.1794777911386634,1.5426548395529933,0.2238694708781111,0,1,0,0,0,0,0,1
B0269,1,0,0.5861968155198226,-0.020423036605538944,-1.3121373964372263,-0.5951056526757593,-1.3548065761996435,-0.052344159512593344,1.7720164108046594,0,0,0,0,-0.19971268792021585,-0.05452058188238841,-0.039136597979415655,1,0,0,0,0,1,0,0
B0270,1,1,-0.0346204938963123,-1.167526282298089,0.5854455707134276,1.5328040632365871,2.4405864510761854,1.4421718431228268,0.5251818360380548,0,0,0,0,1.1221926100729278,0.2107203072101007,0.8739693274179671,0,0,1,0,0,0,1,0
B0271,0,0,0.7443295264088383,-1.7277394953107303,0.6758066643872688,1.452882571559127,1.6147370423633882,-0.8645811174666264,1.2732825808980175,0,0,0,0,0.9977779937912186,-1.5979850684624979,1.3567043547138644,0,1,0,0,0,0,1,0
B0272,0,0,-0.32745884739448927,-1.0474805937953804,0.9107455079392544,2.342009166470859,0.29689224122594765,-0.5071968559668526,-0.222918908821908,0,0,0,0,2.3818905999252156,-0.9872130367599343,-0.19239746391428264,0,1,0,0,0,0,1,0
B0273,0,0,-0.6378675021025567,-0.7940508069563287,0.043279008670383874,0.693628400623267,-0.17753188718353022,-0.9945390307392724,-1.7191203985418335,0,0,0,0,-0.18416086088500216,-1.1716804119955229,-0.6339106031311471,0,0,1,0,0,0,1,0
B0274,1,0,0.04444586154819515,0.2996987994016853,-0.22780427235113798,-1.0246836704421018,1.2984542900904028,-0.40972842101236834,-1.2203865686351918,0,0,0,0,0.4690158745939628,-0.13149705021610109,0.5277267537854696,0,0,1,0,0,0,0,1
B0275,1,0,-0.49730509242343224,1.0333113402515723,0.5131566957743559,1.0432849267121502,-0.1599606231683647,0.857361233395924,-0.7216527387285498,0,0,0,0,0.36015308534746826,1.3454846211125597,-0.5034113246131401,0,1,0,0,0,0,1,0
B0276,1,0,0.5042020765403336,-1.087495823296284,-1.149487427824313,-0.3953019234821118,0.08603707304395695,0.9873191466685688,0.7745487509913757,0,0,0,0,-0.5107492286244847,-0.029114895472696925,0.48614887183680844,0,0,1,0,0,0,0,1
B0277,1,0,0.015162026198377452,1.1800338484215491,0.7300233205915728,0.6137069089458083,-0.26538820725936085,0.46748749357798713,0.026448006131412915,0,0,0,0,-0.30857547716670924,1.1200781914178732,-0.08826375198813569,0,1,0,0,0,0,1,0
B0278,0,0,-0.6583661868474296,1.673555012266019,-0.8061152718637185,1.0033241808734201,-1.2669502561238146,-0.6696442475576592,1.2732825808980175,0,0,0,0,0.29794577720661364,0.4477595036440048,-1.0086326863339166,1,0,0,0,0,1,0,0
B0279,1,0,-0.6730081045223384,-0.7273587577881571,-0.19165983488160168,-0.8048995683290893,-0.6519560155930096,-0.24728102942156174,-0.7216527387285498,0,0,0,0,0.12687567981926667,-0.6235251128298895,-0.8198274840346066,1,0,0,0,0,0,1,0
B0280,1,0,-0.5500159960531036,-0.5006057906163734,0.5673733519786599,-0.015674838014181083,-0.21267441521386277,-1.1894759006482396,-0.7216527387285498,0,0,0,0,-1.1017186559625962,-1.150071771109018,-0.5678425449759877,0,0,0,1,0,1,0,0
B0281,0,0,-0.5148753936333227,-0.20716077427641816,-0.2639487098206743,0.9333928756556445,0.9997428018325832,-1.4493917271935304,1.5226494958513386,0,0,0,0,0.18908298796012132,-1.1847974783483524,-0.12756987924298296,1,0,0,0,1,0,0,0
B0282,1,0,0.29921522909160964,-0.6206514791190829,-0.6434653032508051,0.3439718745343839,-0.7749548636991697,0.20757166703269747,0.026448006131412915,0,0,0,0,-0.7284748071174726,-0.2438895977024557,-0.03993666667610656,1,0,0,0,0,0,0,1
B0283,1,0,0.6271941850095675,-1.794431544478902,0.5131566957743559,-0.7049977037322656,-0.3883870553655209,-0.5071968559668526,1.2732825808980175,0,0,0,0,-0.028642590532867756,-1.4202143007859866,0.39866246086565577,1,0,0,0,0,0,0,1
B0284,0,0,0.5598413637049873,-0.540621020117276,1.8324286634124296,0.17413870471978318,0.7888876336505926,-1.8067759886933055,1.0239156659446966,0,0,1,0,-0.9928558667161016,-1.6033009321949616,0.827602043408841,0,1,0,0,0,0,1,0
B0285,1,0,-0.33038723092947087,0.5664669960743716,0.9288177266740228,0.8834419433572327,-0.10724683112286665,1.2147454948956977,-0.47228582377522893,0,0,0,0,0.1113238527840541,1.3058572732887461,-0.33681720374672763,0,1,0,0,0,0,1,0
B0286,1,1,1.0166691951621432,-0.9007580856254027,-0.5711764283117324,-0.3953019234821118,-0.19510315119869728,-0.24728102942156174,-1.7191203985418335,0,0,0,0,-0.5107492286244847,-0.7276331973565611,0.8242549670263554,0,1,0,0,0,0,0,1
B0287,0,0,-0.1166152328758022,0.13963788139807318,0.043279008670383874,-1.0546542298211488,-0.7749548636991697,-2.2616286851475635,0.026448006131412915,0,1,0,0,0.5156713556996027,-1.6224932713848912,-0.39066769909783616,0,0,0,1,0,0,0,1
B0288,0,0,0.2757881608117551,1.4334636352606018,-0.6615375219855733,0.03427609428423079,0.0157520169832934,-1.2219653789664013,1.0239156659446966,0,0,0,0,-1.1794777911386634,-0.16187341440160252,0.2517801242649556,0,1,0,0,0,1,0,0
B0289,0,1,0.1440109017375755,0.6464974550761766,-1.6555095523978207,-0.8648406870871836,0.33203476925628017,-1.254454857284562,0.5251818360380548,0,0,0,0,0.22018664203054752,-0.5990859470988266,0.2548189172964235,1,0,0,0,0,1,0,0
B0290,1,1,-0.13711391762067424,1.3934484057596992,-1.4205707088458353,-1.3543598236116199,-0.07210430309253565,-0.2797705077397224,-1.7191203985418335,0,0,0,0,0.9822261667560059,0.6220438931583183,-0.15178847249739322,0,1,0,0,0,1,0,0
B0291,1,0,0.8058255806434553,-0.047099856272807945,0.621590008182964,0.28403075577629017,1.210597970014574,1.2472349732138595,1.0239156659446966,0,0,0,0,-0.8217857693287524,0.8900462699040333,1.2445772959005976,0,1,0,0,0,0,1,0
B0292,1,0,0.5188439942152423,-1.087495823296284,0.4047233833657469,0.8634615704378676,1.4565956662268955,-0.7346232041939815,-0.7216527387285498,0,0,0,0,0.08022019871362678,-1.1597369778953146,1.0630497827092578,0,1,0,0,0,0,1,0
B0293,0,0,-0.16932613650547354,-0.2605144136109562,0.20592897728329684,0.09421721304232447,0.6834600495595964,0.8248717550777621,-1.7191203985418335,0,0,0,0,-1.1172704829978086,0.4313631707029675,0.09307291912876448,1,0,0,0,0,1,0,0
B0294,0,0,0.0825148475029585,1.2600643074233562,0.2240011960180654,-0.4152822964014768,-0.7573835996840041,0.5324664502143107,0.5251818360380548,0,0,0,0,-0.4796455745540573,1.2275000611284204,-0.21603252082569338,0,0,1,0,0,0,0,1
B0295,0,0,0.8731784019480363,-1.63437062647529,-0.11937095994252908,1.442892385099445,1.6147370423633882,0.46748749357798713,0.5251818360380548,0,0,0,0,0.9822261667560059,-0.7299114246704739,1.4873430947478083,0,0,1,0,0,0,1,0
B0296,1,0,0.10887029931779459,-0.1938223644427846,0.296290070957138,1.6926470465915044,-0.3883870553655209,1.084787581623053,-0.47228582377522893,0,0,0,0,1.3710218426363419,0.6662622142056204,-0.052807496581125365,0,0,0,1,0,0,1,0
B0297,1,0,-0.424095504048888,0.5264517665734689,-0.5711764283117324,-0.035655210933546115,-0.23024567922902828,1.0522981033048913,0.5251818360380548,0,0,0,0,-1.0706150018921687,1.1496261093074085,-0.4626298413212768,0,0,0,1,0,0,0,1
B0298,1,0,-0.670079720987356,-0.8073892167899631,6.9468665653518125,-0.8448603141678187,-1.7589456485484594,0.4999769718961489,-0.47228582377522893,0,0,1,0,0.1890829879601202,-0.16425519750251172,-1.178717015138644,1,0,0,0,1,0,0,0
B0299,1,1,-0.3245304638595077,0.17965311089897573,-0.13744317867729763,-0.2054883807481468,0.0157520169832934,0.4999769718961489,-0.222918908821908,0,0,0,0,-0.8062339422935398,0.4871107027024951,-0.28841304759694486,0,0,0,1,0,0,0,1
B0300,1,0,-0.7667163776417547,0.5264517665734689,-0.39045424096405135,-1.0346738569017837,0.718602577589929,1.084787581623053,-0.7216527387285498,0,0,0,0,0.4845677016291754,1.1751353515040959,-0.46170499126822095,0,1,0,0,0,0,0,1
B0301,0,0,-0.38309813455914304,0.8732504222479603,-0.08322652247299278,-1.0846247892001954,-0.5465284315020135,0.3375295803053423,0.2758149210847338,0,0,0,0,0.5623268368052425,0.8127936528049986,-0.5361847808583117,0,1,0,0,0,1,0,0
B0302,1,0,0.021018793268341492,0.05960742239626806,-0.11937095994252908,0.9333928756556445,-1.3548065761996435,-0.24728102942156174,0.2758149210847338,0,0,0,0,0.18908298796012132,-0.15103457536268583,-0.49245992557219986,0,1,0,0,0,0,1,0
B0303,0,0,-0.8545678836912078,0.07294583222990161,0.820384414265414,1.2830494017445278,-1.1263801440024874,0.6949138418051173,0.2758149210847338,0,0,0,0,0.7333969341925918,0.5627064272095949,-1.1231929815962929,0,1,0,0,0,0,1,0
B0304,0,0,-0.5939417490778302,-0.3138680529454942,-0.3362375847597469,-0.2654294995062412,0.29689224122594765,0.3375295803053423,-0.222918908821908,0,0,0,0,-0.712922980082259,0.04475489925113484,-0.4375341085324204,1,0,0,0,0,1,0,0
B0305,1,0,0.5539845966350233,0.5931438157416405,0.49508447703958725,1.133196604849292,-0.7749548636991697,0.7923822767596004,-1.7191203985418335,0,0,0,0,0.5001195286643901,0.9911167180121563,0.1749478391034035,0,1,0,0,0,1,0,0
B0306,0,0,-0.1283287670157286,0.49977494690619995,0.24207341475283314,0.19411907763914824,-1.0560950879418238,-0.40972842101236834,-1.7191203985418335,0,0,0,0,-0.9617522126456742,-0.013961231975611466,-0.5031911222195549,1,0,0,0,0,0,0,1
B0307,1,0,-0.20153835539027284,0.6464974550761766,-0.4446708971683558,0.044266280743912596,0.138750865089455,-0.2797705077397224,0.026448006131412915,0,0,0,0,-1.195029618173876,0.1755113396314516,-0.1334749734309416,0,0,0,1,0,0,0,1
B0308,1,0,-0.01119342561645781,-0.567297839784545,0.5312289145091236,1.42291201218008,-0.6870985436233406,-0.14981259446707754,-0.7216527387285498,0,0,0,0,0.9511225126855787,-0.4593891904411868,-0.26893981592428107,0,1,0,0,0,0,1,0
B0309,1,0,-0.06390432924613,-0.047099856272807945,-0.15551539741206538,0.5937265360264432,0.5428899374382709,0.07761375376005149,-0.9710196536818708,0,0,0,0,-0.3396791312371366,0.025148336913219587,0.14098895997276878,0,1,0,0,0,0,1,0
B0310,1,0,-0.8135705142014629,-0.6606667086199856,1.0733954765521674,1.3629708934219864,-0.3883870553655209,0.11010323207821326,0.026448006131412915,0,0,0,0,0.8578115504742989,-0.33667558285089566,-0.8562709801728536,0,0,1,0,0,0,1,0
B0311,0,0,-0.4826631747485234,1.3134179467578921,-0.5350319908421965,0.10420739950200629,-0.8276686557446677,-0.47470737764869075,-1.7191203985418335,0,0,0,0,-1.1017186559625962,0.4089260835204946,-0.7173232698209854,1,0,0,0,0,1,0,0
B0312,0,0,-0.6964351728021921,0.2996987994016853,-0.7338263969246458,-1.1245855350389256,0.5604612014534364,0.07761375376005149,2.0213833257579803,0,0,0,0,0.6245341449460973,0.24233934083955402,-0.44626880347794157,0,1,0,0,0,0,0,1
B0313,1,0,-1.2147590584939658,0.019592192895363614,-0.10129874120776133,0.3439718745343839,-0.7046698076385076,1.0198086249867306,0.5251818360380548,0,0,0,0,-0.7284748071174726,0.7686443689490258,-1.2966794373819033,0,0,0,1,0,0,0,1
B0314,0,0,-0.5353740783781947,0.5931438157416405,0.26014563348760167,-1.494222434047173,-0.5640996955171805,0.1425927103963739,-0.222918908821908,0,0,0,0,1.1999517452489938,0.47748001451186506,-0.6730075381120889,1,0,0,0,0,0,0,1
B0315,1,0,0.5656981307749505,-0.9541117249599408,0.6938788831220365,0.8834419433572327,-0.05453303907737016,1.6371087130317952,0.2758149210847338,0,0,0,0,0.1113238527840541,0.4976388743804245,0.48351378319357935,0,1,0,0,0,0,0,1
B0316,0,1,0.41049380342091635,1.1666954385879156,-0.6253930845160369,-2.2534766049830335,1.2633117620600705,-1.156986422330079,0.2758149210847338,0,0,0,0,2.3818905999252156,-0.2469962713123366,0.8764209140665417,0,0,1,0,0,0,0,1
B0317,0,1,-0.07561786338605725,0.8732504222479603,0.6577344456525002,-0.24544912658687615,-1.917087024684952,-0.7346232041939815,-1.7191203985418335,0,0,0,0,-0.7440266341526863,-0.05862829476656437,-0.7773724625514993,0,0,1,0,0,0,1,0
B0318,0,0,-0.6730081045223384,0.9666192910834008,0.7480955393263414,1.2730592152848446,-0.7749548636991697,0.1425927103963739,0.026448006131412915,0,0,0,0,0.717845107157377,0.7133110600974825,-0.8599557002255027,1,0,0,0,0,0,1,0
B0319,0,0,-0.8106421306664813,-0.1671455447755156,0.621590008182964,1.5827549955349989,0.33203476925628017,-1.156986422330079,0.5251818360380548,0,0,0,0,1.199951745248995,-0.9511756228853165,-0.6257557744887317,1,0,0,0,0,0,1,0
B0320,0,0,-0.4826631747485234,-0.9407733151263062,0.9288177266740228,0.4338835526715258,1.0173140658477486,-1.3194338139208857,0.7745487509913757,0,0,0,0,-0.5885083638005508,-1.4681606301651473,-0.09035200468729596,1,0,0,0,0,0,1,0
B0321,0,0,-0.1751829035754376,0.3663908485698569,-0.10129874120776133,-0.4252724828611593,-1.7238031205181268,0.20757166703269747,1.7720164108046594,0,0,0,0,-0.4640937475188437,0.3844869177894329,-0.7833179271782833,0,0,1,0,0,1,0,0
B0322,1,0,-0.022906959756385056,-1.034142183961746,1.236045445165081,1.2530788423654795,-0.4762433754413499,-0.6696442475576592,0.2758149210847338,0,0,0,0,0.6867414530869497,-1.0868337038501115,-0.20032475008332692,0,0,0,1,0,0,1,0
B0323,1,0,-0.022906959756385056,1.9536616187723388,-0.7699708343941821,-0.5751252797563949,0.26174971319561663,0.3375295803053423,-1.4697534835885127,0,0,0,0,-0.23081634199064205,1.511795215028177,0.07466399902509432,1,0,0,0,1,0,0,0
B0324,1,1,-0.16639775297049195,-0.48726738078273985,-0.11937095994252908,0.47384429851025445,-0.33567326332002284,0.045124275441890856,0.026448006131412915,0,0,0,0,-0.5263010556596983,-0.27340299699632375,-0.27346864515233776,0,0,1,0,0,0,1,0
B0325,1,0,-0.046334028036239545,-0.8740812659581347,0.8926732892044866,1.7326077924302346,-0.8276686557446677,0.07761375376005149,-0.222918908821908,0,0,0,0,1.4332291507771966,-0.49276867244957273,-0.35094318729517804,0,0,1,0,0,0,1,0
B0326,1,0,-1.3113957151483637,-1.2342183314662605,0.26014563348760167,-1.684035976781138,0.8767439537264216,0.20757166703269747,0.7745487509913757,0,0,0,0,1.4954364589180489,-0.6345020262514672,-0.9347437731666113,0,0,1,0,0,0,0,1
B0327,1,0,1.256796645030648,1.2867411270906233,-0.08322652247299278,0.14416814534073635,0.33203476925628017,-1.027028509057433,-1.2203865686351918,0,0,0,0,-1.0395113478217415,-0.0737129210723193,1.2812556745920018,0,1,0,0,0,1,0,0
B0328,0,0,-0.3948116686990703,0.3797292584034904,0.16978453981376054,-0.035655210933546115,0.4198910893321092,-1.4818812055116923,-0.7216527387285498,0,0,0,0,-1.0706150018921687,-0.9137574651840864,-0.21178628466940436,0,0,0,1,0,0,0,1
B0329,1,0,-0.9072787873208801,-0.46059056111547086,-0.31816536602497913,-0.4552430422402062,1.351168082135901,1.1172770599412136,0.5251818360380548,0,0,0,0,-0.4174382664132038,0.5007455479903054,-0.3994317543625029,1,0,0,0,0,0,0,1
B0330,1,0,0.8028971971084737,0.4064060780707594,0.06135122740515243,-0.5151841609983006,-0.6343847515778441,-0.572175812603175,0.5251818360380548,0,0,0,0,-0.32412730420192293,-0.19480415466633946,0.44555089053959795,0,1,0,0,0,0,0,1
B0331,1,0,-0.18982482125034644,-0.540621020117276,0.3866511646309784,2.0622839455997526,-1.425091632260307,-0.14981259446707754,1.5226494958513386,0,0,0,0,1.9464394429392398,-0.4431654504784758,-0.6869279994265269,0,1,0,0,0,0,1,0
B0332,0,0,-1.1210507853745488,-0.1671455447755156,1.1999010076955448,-0.5751252797563949,0.4901761453927728,7.485214810300834,0.026448006131412915,0,1,0,0,-0.23081634199064205,5.356821586190642,-0.8655378309028708,1,0,0,0,0,0,1,0
B0333,1,0,0.0298039438732863,0.8332351927470577,-0.22780427235113798,-0.4252724828611593,-0.24781694324419376,-0.11732311614891576,-0.7216527387285498,0,0,0,0,-0.4640937475188437,0.4186603274981217,-0.06876850007611393,0,1,0,0,0,0,0,1
B0334,0,0,-0.05219079510620275,-0.0337614464391725,1.3083343201041537,-1.3143990777728907,3.1258657476676524,1.669598191349957,-0.222918908821908,0,0,0,0,0.9200188586151524,1.2124154348226654,1.1090353825695038,0,1,0,0,0,1,0,0
B0335,0,0,-0.7842866788516452,-0.540621020117276,-0.8603319280680229,-0.4652332286998887,0.771316369635427,-0.8645811174666264,-1.4697534835885127,0,0,0,0,-0.4018864393779901,-0.9436160504346064,-0.46161691031078667,0,0,0,1,0,0,1,0
B0336,1,0,8.586540633090019,1.1933722582551844,-0.4988875533726603,-0.11557670261100554,1.1578841779690758,0.6299348851687937,1.7720164108046594,0,0,0,1,-0.9462003856104606,1.2650217746166457,8.857084143316246,1,0,0,0,0,1,0,0
B0337,0,0,0.773613361758656,-0.8474044462908656,-0.04708208500345648,0.3639522474537489,1.0348853298629141,0.2400611453508581,1.2732825808980175,0,0,0,0,-0.6973711530470453,-0.36629253793175887,1.1373901107834108,0,0,1,0,0,0,0,1
B0338,1,0,0.4719898576555342,-1.8878004133143425,1.4348398512475302,0.044266280743912596,1.7377358904695497,-0.40972842101236834,-0.9710196536818708,0,0,0,0,-1.195029618173876,-1.4165553296454603,1.1307546786567297,1,0,0,0,0,0,0,1
B0339,1,0,0.09129999810790414,0.2996987994016853,-0.28202092855544286,-0.005684651554499276,1.2281692340297394,0.3375295803053423,-1.4697534835885127,0,0,0,0,-1.1172704829978086,0.4417187494025705,0.547412847771931,0,1,0,0,0,0,0,1
B0340,1,0,-1.0595547311399318,0.16631470106534027,0.7842399767958776,1.0432849267121502,0.33203476925628017,-0.31225998605788413,-1.4697534835885127,0,0,0,0,0.36015308534746826,-0.13612254203525842,-0.8553534701995846,0,0,1,0,0,0,1,0
B0341,1,0,0.16450958648244837,1.1400186189206465,0.025206789935616127,0.5138050443489846,0.4726048813776073,-0.6046652909213356,0.026448006131412915,0,0,0,0,-0.4640937475188437,0.19957080081019543,0.3279848326047931,0,0,1,0,0,0,0,1
B0342,0,0,0.03566071094325034,-0.2738528234445897,0.458940039570051,0.9433830621153264,-0.5992422235475116,-1.027028509057433,-0.9710196536818708,0,0,0,0,0.20463481499533387,-0.9137574651840852,-0.1960234633286414,0,1,0,0,1,0,0,0
B0343,0,0,0.23186240778702857,1.9136463892714362,-0.7338263969246458,-0.11557670261100554,-0.5465284315020135,-0.18230207278523933,0.026448006131412915,0,0,0,0,-0.9462003856104606,1.0203194499450352,-0.007478833861739597,1,0,0,0,0,1,0,0
B0344,1,0,0.16450958648244837,0.17965311089897573,0.11556788360945648,0.4238933662118426,-1.0385238239266583,1.3447034081683438,-0.9710196536818708,0,0,0,0,-0.6040601908357656,1.127016429146608,-0.2552872675220371,0,0,1,0,0,1,0,0
B0345,1,0,-0.4709496406085962,1.3400947664251612,-0.08322652247299278,-0.6050958391354417,-2.690222641352251,-1.027028509057433,1.2732825808980175,0,0,0,0,-0.18416086088500216,-0.044993449478754104,-1.3419860798619299,1,0,0,0,0,0,0,1
B0346,0,1,-0.1751829035754376,-0.9274349052926717,-0.11937095994252908,-1.164546280877655,-0.0018192470318721,-1.3519232922390463,0.7745487509913757,0,0,0,0,0.6867414530869508,-1.483038144896909,-0.16038003588708527,0,1,0,0,0,0,0,1
B0347,1,0,-0.6437242691725208,-0.9407733151263062,0.7480955393263414,2.012333013301341,0.5604612014534364,-0.40972842101236834,1.7720164108046594,0,0,0,0,1.8686803077631724,-0.8602191233071403,-0.3967893256394878,1,0,0,0,0,0,1,0
B0348,0,0,0.18207988769233882,1.233387487756087,-0.13744317867729763,0.10420739950200629,0.33203476925628017,-0.572175812603175,-0.47228582377522893,0,0,0,0,-1.1017186559625962,0.2803097960714302,0.2899338589933775,0,0,0,1,0,1,0,0
B0349,0,0,0.861464867808109,-0.8474044462908656,-0.19165983488160168,1.5927451819946807,0.08603707304395695,0.07761375376005149,0.026448006131412915,0,0,0,0,1.2155035722842076,-0.47606167214754747,0.8094206657785404,0,1,0,0,0,0,1,0
B0350,0,0,-0.3040317791146348,-0.36722169228003027,0.621590008182964,1.8325096570270583,-0.44110084741101896,-0.2797705077397224,-0.222918908821908,0,0,0,0,1.5887474211293309,-0.4304971258692953,-0.4310381379216754,0,0,1,0,0,0,1,0
B0351,1,0,-1.1503346207243663,0.03293060272899906,-0.5711764283117324,0.03427609428423079,-0.7925261277143367,0.3050401019871805,-0.222918908821908,0,0,0,0,-1.1794777911386634,0.24489371691878953,-1.2676897922664927,0,1,0,0,0,1,0,0
B0352,0,0,-0.5119470100983411,-0.07377667594007505,0.42279560210051464,0.5138050443489846,-0.0018192470318721,0.954829668350407,-0.222918908821908,0,0,0,0,-0.4640937475188437,0.6552507821883774,-0.4629931752706911,0,0,0,1,0,0,1,0
B0353,0,0,0.5129872271452783,-0.540621020117276,-0.15551539741206538,-0.25543931304655865,-1.3020927841541472,-0.6371547692394974,-0.9710196536818708,0,0,0,0,-0.7284748071174726,-0.7843817686303831,-0.07620033085959377,1,0,0,0,0,0,0,1
B0354,1,0,0.9727434421374167,-0.647328298786352,-0.11937095994252908,-0.6150860255951243,0.8943152177415871,0.07761375376005149,-1.2203865686351918,0,0,0,0,-0.1686090338497885,-0.3507591698823555,1.2686894579981087,0,0,0,1,0,0,0,1
B0355,1,0,-0.5119470100983411,0.23300675023351372,-0.04708208500345648,0.17413870471978318,-0.26538820725936085,-1.9692233802841121,0.026448006131412915,0,0,0,0,-0.9928558667161016,-1.3586676447146815,-0.5520099928772572,0,0,1,0,0,0,0,1
B0356,0,0,-0.2718195602298355,-0.9274349052926717,0.3324345084266743,1.0133143673331033,0.29689224122594765,0.2725506236690199,-0.222918908821908,0,0,0,0,0.31349760424182843,-0.3957023814386305,-0.14121508756544007,1,0,0,0,0,0,1,0
B0357,1,0,-0.3216020803245261,0.7532047337452508,0.49508447703958725,1.133196604849292,-0.24781694324419376,0.5649559285324713,-0.47228582377522893,0,0,0,0,0.5001195286643901,0.9177992208189687,-0.3783730654560309,0,0,1,0,0,0,1,0
B0358,0,0,-0.7637879941067731,-1.2075415117989925,0.6758066643872688,0.004305534905182531,-1.6183755364271324,-0.9620495524211106,-0.47228582377522893,0,0,0,0,-1.1328223100330213,-1.374304568551082,-1.206227634177144,0,0,1,0,0,0,0,1
B0359,0,0,0.650621253289422,0.9932961107506698,-0.17358761614683393,-5.010768067855369,-0.10724683112286665,-0.31225998605788413,-1.2203865686351918,0,0,0,0,6.674194861644127,0.35611263215252154,0.537331248185651,0,1,0,0,0,0,0,1
B0360,0,0,-0.6788648715923017,0.25968356990078273,0.6396622269177324,-0.32537061826433555,0.718602577589929,-0.8970705957847882,0.7745487509913757,0,0,0,0,-0.6196120178709781,-0.5272872681149154,-0.3782482840996659,0,0,1,0,0,0,0,1
B0361,1,0,0.4251357210958252,-0.020423036605538944,0.8926732892044866,1.0033241808734201,0.9646002738022507,-0.5071968559668526,0.7745487509913757,0,0,0,0,0.29794577720661364,-0.39183629872411324,0.7700484778056177,0,1,0,0,0,0,1,0
B0362,1,0,-1.1415494701194215,-0.7673739872890596,0.296290070957138,-0.695007517272583,-0.7573835996840041,-0.5396863342850132,-1.4697534835885127,0,0,0,0,-0.04419441756808142,-0.8469985011673138,-1.2500001999818653,0,0,1,0,0,0,0,1
B0363,1,0,0.8497513336681818,-2.3279679378242744,0.6577344456525002,-0.5751252797563949,0.9821715378174177,0.1425927103963739,0.026448006131412915,0,0,0,0,-0.23081634199064205,-1.367055663461359,1.1885137664939638,1,0,0,0,0,0,0,1
B0364,1,0,0.21136372304215653,-1.7810931346452674,-0.8061152718637185,-1.1545560944179725,1.7377358904695497,0.8248717550777621,0.2758149210847338,0,0,0,0,0.6711896260517372,-0.611443604347019,0.8642217014619565,0,1,0,0,0,0,0,1
B0365,0,0,0.4309924881657893,0.47309812723893097,0.1878567585485291,0.22408963701819506,0.20903592115011857,0.2725506236690199,-0.222918908821908,0,0,0,0,-0.9150967315400343,0.5031618496868786,0.4697181032355055,0,1,0,0,0,0,0,1
B0366,1,0,0.49248854240040624,-1.4076176593035072,8.374571845398496,-0.7849191954097242,1.1754554419842413,0.5974454068506331,0.7745487509913757,0,0,1,0,0.09577202574883933,-0.4988439452866729,0.9215330444322352,0,0,1,0,0,0,0,1
B0367,0,0,-0.05511917864118435,-0.15380713494188206,-0.4808153346378921,-0.6750271443532186,1.5268807222875576,-0.44221789933052896,-1.7191203985418335,0,0,0,0,-0.07529807163850764,-0.42166036537896745,0.5136154503965912,0,1,0,0,0,0,0,1
B0368,1,0,-0.2718195602298355,-0.0070846267719034935,0.8023121955306455,0.8834419433572327,-0.6695272796081752,0.4349980152598265,1.5226494958513386,0,0,0,0,0.1113238527840541,0.31562231943707636,-0.4841619653739545,1,0,0,0,0,0,1,0
B0369,0,1,-0.8897084861109887,2.9407039464612788,-0.010937647533920177,-1.9737513841119274,-1.3548065761996435,-1.9042444236477885,-0.9710196536818708,0,0,0,0,1.9464394429392398,-0.040851217998912885,-1.222944665890106,0,1,0,0,0,1,0,0
B0370,1,0,0.2728597772767735,-0.6740051184536191,0.35050672716144204,-0.9647425516840075,1.6674508344088845,-0.21479155110339995,0.026448006131412915,0,0,0,0,0.37570491238268194,-0.5690892874656442,0.899439404275916,1,0,0,0,0,0,0,1
B0371,1,0,-0.1283287670157286,-1.3809408396362381,-0.22780427235113798,-0.8548505006275011,-0.6695272796081752,-0.21479155110339995,-1.7191203985418335,0,0,0,0,0.20463481499533387,-0.9953594253369545,-0.36205606809141316,0,0,0,1,0,0,0,1
B0372,1,0,-0.6935067892672105,0.6865126845770791,1.0914676952869358,0.693628400623267,-0.4586721114261844,0.4999769718961489,-0.222918908821908,0,0,0,0,-0.18416086088500216,0.8215958946996611,-0.7745208415545788,0,0,1,0,0,0,0,1
B0373,1,0,0.05030262861815919,-1.2342183314662605,0.043279008670383874,0.6137069089458083,1.1227416499387433,1.0522981033048913,1.0239156659446966,0,0,0,0,-0.30857547716670924,-0.08972954946103753,0.46714173523056596,0,0,1,0,0,0,0,1
B0374,0,0,-0.21032350599521848,-0.20716077427641816,1.561345382390907,0.6636578412442201,0.6834600495595964,-0.21479155110339995,0.026448006131412915,0,0,0,0,-0.23081634199064205,-0.2875901398147782,0.05422921690044472,1,0,0,0,0,0,1,0
B0375,1,1,0.12058383345772183,-0.9274349052926717,-1.041054115415704,-1.9038200788941506,1.1403129139539103,0.045124275441890856,0.7745487509913757,0,0,0,0,1.8375766536927451,-0.5479293883227891,0.5426601461103978,0,1,0,0,0,0,0,1
B0376,1,0,0.16158120294746595,-1.2608951511335296,0.4770122583048195,-0.11557670261100554,1.3335968181207338,0.5324664502143107,-1.2203865686351918,0,0,0,0,-0.9462003856104606,-0.4426476715434956,0.6574039433674269,1,0,0,0,0,0,1,0
B0377,1,0,0.0825148475029585,-1.3542640199689702,-0.878404146802791,0.044266280743912596,0.08603707304395695,-0.052344159512593344,-0.222918908821908,0,0,0,0,-1.195029618173876,-0.8760631587175323,0.10458216423345162,0,0,1,0,1,0,0,0
B0378,1,0,-0.21032350599521848,-1.4476328888044097,-1.149487427824313,0.4238933662118426,0.03332328099846046,1.3447034081683438,-0.9710196536818708,0,0,0,0,-0.6040601908357656,-0.05635006745265219,-0.1793321218949304,0,1,0,0,0,0,0,1
B0379,1,1,-0.17225452004045513,-0.7006819381208881,-0.28202092855544286,-0.7049977037322656,-1.2669502561238146,0.954829668350407,-1.2203865686351918,0,0,0,0,-0.028642590532867756,0.21883217719145562,-0.6156815149822368,1,0,0,0,0,0,0,1
B0380,0,0,0.05323101215314079,-1.3142487904680666,0.3324345084266743,0.9433830621153264,0.9646002738022507,0.3375295803053423,-0.47228582377522893,0,0,0,0,0.20463481499533387,-0.6024687694740302,0.4102230865288456,0,0,1,0,0,0,1,0
B0381,1,0,-0.778429911781682,-0.5939746594518139,-0.17358761614683393,0.7435793329216789,0.26174971319561663,0.3375295803053423,-1.4697534835885127,0,0,0,0,-0.10640172570893497,-0.13646772799191104,-0.6184450550217238,1,0,0,0,0,0,1,0
B0382,0,0,-0.025835343291366657,-0.6873435282872545,-1.3302096151719944,-0.09559632969164052,-0.42352958339585345,0.6949138418051173,-0.47228582377522893,0,0,0,0,-0.977304039680888,0.04917327949629938,-0.1832260342214849,0,1,0,0,0,0,0,1
B0383,1,0,-0.424095504048888,-0.7006819381208881,-1.0591263341504722,-0.8348701277081362,0.3847485613017767,0.3050401019871805,0.7745487509913757,0,0,0,0,0.17353116092490656,-0.2278384507180722,-0.2510703916848937,0,0,1,0,0,0,0,1
B0384,1,0,-0.649581036242484,-0.1671455447755156,1.0733954765521674,1.093235859010562,2.2121600188790276,1.2797244515320203,0.026448006131412915,0,0,0,0,0.4379122205235355,0.8273950187714386,0.13933744202088427,0,0,0,1,0,0,1,0
B0385,1,1,-0.43580903818881445,-0.3538832824463967,-0.9868374592114,-0.6250762120548068,-0.5992422235475116,-0.052344159512593344,-0.47228582377522893,0,0,0,0,-0.15305720681457485,-0.25990622609117514,-0.5995920600909902,0,0,1,0,0,0,0,1
B0386,1,0,0.41049380342091635,-2.594736134496961,-0.6615375219855733,-0.12556688907068805,0.718602577589929,-0.21479155110339995,-0.7216527387285498,0,0,0,0,-0.930648558575247,-1.7272572092292047,0.6566148847904159,1,0,0,0,0,0,0,1
B0387,1,1,0.6301225685445491,0.3530524387362214,1.8866453196167337,-0.32537061826433555,-0.3005307352896918,-0.31225998605788413,0.7745487509913757,0,0,1,0,-0.6196120178709781,-0.024972663992855706,0.43804198891836366,0,0,1,0,0,0,1,0
B0388,1,0,0.21429210657713813,-1.874462003480708,-0.20973205361637023,0.9833438079540564,1.210597970014574,0.045124275441890856,0.2758149210847338,0,0,0,0,0.26684212313618855,-1.1385770787524596,0.6618777219970879,0,0,1,0,0,0,1,0
B0389,0,0,-1.3670350023130176,0.3663908485698569,-1.27599295896769,-2.073653248708751,0.9997428018325832,-0.799602160830304,0.2758149210847338,0,0,0,0,2.101957713291374,-0.3934586727203836,-0.9541876445201295,0,0,1,0,0,0,0,1
B0390,1,0,0.840966183063237,1.0599881599188414,-0.8603319280680229,0.4838344849699377,-0.07210430309253565,0.1425927103963739,-0.9710196536818708,0,0,0,0,-0.5107492286244836,0.7722688214938869,0.7222021677195827,0,1,0,0,0,1,0,0
B0391,1,0,0.46906147412055177,0.3530524387362214,0.09749566487468873,0.6436774683248551,1.1051703859235777,-0.7346232041939815,2.0213833257579803,0,0,0,0,-0.26191999606106936,-0.3507591698823555,0.8698588827377212,0,1,0,0,0,0,1,0
B0392,1,0,-0.6642229539173928,0.8332351927470577,0.6396622269177324,1.3230101475832563,1.4038818741813974,0.8898507117140846,0.5251818360380548,0,0,0,0,0.7956042423334442,1.2340585943048337,-0.14033794803099472,1,0,0,0,0,0,0,1
B0393,0,0,-0.25424925901994505,-1.4876481183053132,0.7480955393263414,-0.8148897547887718,-0.12481809513803371,-0.18230207278523933,0.2758149210847338,0,0,0,0,0.14242750685448033,-1.039405153405932,-0.27523026430101444,1,0,0,0,0,0,0,1
B0394,0,0,0.5510562131000416,1.540170913929676,0.3866511646309784,-0.315380431804653,-0.5992422235475116,-0.6371547692394974,0.026448006131412915,0,0,0,0,-0.6351638449061917,0.40029643460415953,0.24514469213827367,0,0,0,1,0,0,0,1
B0395,1,0,-1.2030455243540386,-1.0074653642944777,0.7661677580611091,-0.3453509911836999,0.20903592115011857,1.312213929850182,-0.222918908821908,0,0,0,0,-0.5885083638005518,0.242201266456893,-1.0231880645498572,0,0,0,1,0,0,1,0
B0396,1,0,-0.014121809151440245,-0.647328298786352,-1.384426271376299,-0.18550800782878174,-1.7940881765787904,-1.1244969440119172,0.5251818360380548,0,0,0,0,-0.8373375963639672,-1.1822085836734522,-0.6846048641742104,0,1,0,0,0,0,0,1
B0397,0,0,0.20550695597219248,1.5268325040960424,-0.3543098034945151,-0.5151841609983006,-2.004943344760781,0.857361233395924,-1.4697534835885127,0,0,0,0,-0.32412730420192293,1.6852166396508577,-0.5973276454769623,0,1,0,0,1,0,0,0
B0398,1,1,0.15572443587750273,0.17965311089897573,0.043279008670383874,0.2540601963972419,1.2984542900904028,0.3700190586235041,2.270750240711301,0,0,0,0,-0.8684412504343945,0.3886636678649394,0.6380408128915569,0,0,1,0,0,0,0,1
B0399,0,0,-1.024414128720151,0.4064060780707594,-0.7880430531289503,-1.3243892642325732,-1.073666351956991,-1.254454857284562,-0.222918908821908,0,0,0,0,0.935570685650366,-0.7239742262160341,-1.2463154799292169,0,0,0,1,0,0,0,1
B0400,0,0,-0.008265042081476206,0.3263756190689543,0.11556788360945648,0.8235008245991375,-0.6870985436233406,-0.9620495524211106,0.026448006131412915,0,0,0,0,0.01801289057277213,-0.5406804832330676,-0.26645152887677576,0,0,0,1,0,0,1,0
B0401,1,0,0.8878203196229452,0.15297629123170672,0.5673733519786599,-0.4252724828611593,0.43746235334727473,-0.6371547692394974,0.026448006131412915,0,0,0,0,-0.4640937475188437,-0.38948903421886993,0.9870432565236475,0,0,1,0,0,0,1,0
B0402,1,0,-0.839925966016299,0.6731742747434456,0.11556788360945648,1.1931377236073857,-0.3005307352896918,1.3447034081683438,0.026448006131412915,0,0,0,0,0.5934304908756699,1.4859062682791706,-0.8516100295086468,0,0,1,0,0,0,1,0
B0403,1,0,0.03273232740826874,0.07294583222990161,-0.7880430531289503,-0.38531173702242927,-0.0369617750622031,0.7274033201232779,0.026448006131412915,0,0,0,0,-0.5263010556596983,0.5870420371536608,0.013216521095318099,0,0,0,1,0,0,0,1
B0404,1,0,0.4749182411905158,0.39306766823712586,0.42279560210051464,2.342009166470859,0.3671772972866112,0.01263479712372907,1.0239156659446966,0,0,0,0,2.3818905999252156,0.25048572941657543,0.5743913110259353,0,1,0,0,0,0,1,0
B0405,1,0,-0.4270238875838696,0.49977494690619995,-1.3302096151719944,-0.5151841609983006,-0.7749548636991697,0.9873191466685688,0.026448006131412915,0,0,0,0,-0.32412730420192293,1.0799675832547473,-0.652481004990113,1,0,0,0,0,1,0,0
B0406,0,0,0.4427060223057165,0.659835864909812,7.796260845885914,0.4238933662118426,-1.8468019686242885,0.2725506236690199,0.7745487509913757,0,0,1,0,-0.6040601908357656,0.6230104138369481,-0.35389389936921173,1,0,0,0,0,1,0,0
B0407,0,0,0.09129999810790414,-0.23383759394368717,0.24207341475283314,0.6836382141635852,-0.4762433754413499,-0.572175812603175,-0.47228582377522893,0,0,0,0,-0.19971268792021474,-0.5626343100762256,-0.10156397656064345,0,1,0,0,0,0,1,0
B0408,1,0,-0.2718195602298355,-1.4076176593035072,0.3685789458962106,1.402931639260715,-0.3005307352896918,0.6624243634869555,-1.7191203985418335,0,0,0,0,0.9200188586151513,-0.45783585363624696,-0.35321861202888577,1,0,0,0,0,0,1,0
B0409,1,0,-0.4650928735386321,-1.087495823296284,-0.010937647533920177,-1.0047032975227368,-0.7398123356688386,-0.8320916391484657,-0.222918908821908,0,0,0,0,0.4379122205235355,-1.2237344542588595,-0.6726038337238501,1,0,0,0,0,0,0,1
B0410,0,0,0.1176554499227394,-0.0337614464391725,-0.11937095994252908,0.9533732485750082,-0.6695272796081752,-0.5396863342850132,1.2732825808980175,0,0,0,0,0.22018664203054641,-0.42362792533189164,-0.15273167274991406,0,1,0,0,0,0,0,1
B0411,1,0,-0.2923182449747084,0.7398663239116172,-0.22780427235113798,-1.5042126205068556,-0.08967556710770115,7.42023585366451,0.026448006131412915,0,1,0,0,1.2155035722842076,6.407912824200309,-0.2966853175159385,0,0,1,0,0,1,0,0
B0412,0,0,-0.8252840483413901,0.6731742747434456,0.5312289145091236,0.28403075577629017,-2.09279966483661,-0.18230207278523933,-0.222918908821908,0,0,0,0,-0.8217857693287524,0.26912577107585967,-1.4040244342144912,0,0,1,0,0,1,0,0
B0413,0,0,0.6886902392441845,0.6998510944107146,0.9830343828783269,0.19411907763914824,-0.9155249758204967,-1.611839118784337,-1.7191203985418335,0,0,0,0,-0.9617522126456742,-0.856870819527602,0.22905156720713413,0,1,0,0,0,0,0,1
B0414,0,0,0.01223364266339585,0.3263756190689543,-0.6434653032508051,-0.5851154662160768,-0.5465284315020135,0.01263479712372907,-0.47228582377522893,0,0,0,0,-0.2152645149554295,0.20906341461816447,-0.19630238636051528,1,0,0,0,0,0,0,1
B0415,1,0,0.5334859118901512,-1.4876481183053132,-0.31816536602497913,0.3040111286956538,0.4198910893321092,0.7274033201232779,-0.47228582377522893,0,0,0,0,-0.7906821152583273,-0.4710909943717381,0.6502950760945393,0,1,0,0,0,0,1,0
B0416,0,0,-0.06390432924613,0.006253783061730059,0.6577344456525002,1.2830494017445278,1.3687393461510664,0.4349980152598265,-1.7191203985418335,0,0,0,0,0.7333969341925918,0.3243555241404072,0.4462995786777862,1,0,0,0,0,0,1,0
B0417,0,0,-1.0859101829547677,0.03293060272899906,-0.3000931472902106,-0.07561595677227619,-1.196665200063151,0.01263479712372907,-0.47228582377522893,0,0,0,0,-1.0084076937513142,0.02680522950515828,-1.3333798363126654,0,1,0,0,0,0,1,0
B0418,0,0,0.4719898576555342,1.4334636352606018,-1.56514845872398,-0.19549819428846427,0.5780324654686019,-0.11732311614891576,1.7720164108046594,0,0,0,0,-0.8217857693287535,0.7852478134640559,0.6576938765189806,0,0,1,0,0,0,0,1
B0419,1,0,0.05323101215314079,-0.6606667086199856,0.49508447703958725,1.7026372330511863,0.9997428018325832,-0.40972842101236834,1.2732825808980175,0,0,0,0,1.3865736696715545,-0.6956689777704539,0.42350863094178226,1,0,0,0,0,0,1,0
B0420,1,0,-0.16639775297049195,0.5931438157416405,-0.4085264596988195,-1.1345757214986074,1.8255922105453803,1.4746613214409885,1.0239156659446966,0,0,0,0,0.6400859719813098,1.5304352566874624,0.5097362182296102,0,0,0,1,0,1,0,0
B0421,0,0,-0.25717764255492664,-0.5272826102836424,-0.7880430531289503,-1.1745364673373375,-0.7925261277143367,-0.11732311614891576,0.2758149210847338,0,0,0,0,0.7022932801221644,-0.4122713073579948,-0.515478415781575,1,0,0,0,0,0,0,1
B0422,1,0,0.2260056407170654,-2.207922249321566,-0.4265986784335877,-0.2754196859659237,-0.07210430309253565,-0.08483363783075513,-0.47228582377522893,0,0,0,0,-0.6973711530470453,-1.4202833379773172,0.17268709452926856,0,1,0,0,0,0,0,1
B0423,1,0,-0.4680212570736146,0.4330828977380284,-0.31816536602497913,-0.10558651615132303,-0.21267441521386277,-0.08483363783075513,0.026448006131412915,0,0,0,0,-0.9617522126456742,0.19953628221452893,-0.4953959574866616,0,1,0,0,0,0,0,1
B0424,0,0,-0.060975945711148394,-0.9140964954590373,0.3866511646309784,-0.8248799412484543,-0.0193905110470376,-0.18230207278523933,-0.7216527387285498,0,0,0,0,0.15797933388969398,-0.6920790438212587,-0.06425435100763002,0,0,0,1,0,0,0,1
B0425,1,0,-0.5910133655428486,0.13963788139807318,0.4047233833657469,0.9333928756556445,-0.19510315119869728,0.2400611453508581,1.7720164108046594,0,0,0,0,0.18908298796012132,0.2646383536393646,-0.5982304752906594,0,0,1,0,0,0,1,0
B0426,0,1,-1.4988122613871973,0.9132656517488629,0.007134571200847572,0.7635597058410439,-1.688660592487796,-0.799602160830304,-0.7216527387285498,0,0,0,0,-0.07529807163850764,-0.08917725193039212,-1.8007557466560389,1,0,0,0,0,0,0,1
B0427,0,1,-0.28938986143972595,-0.12713031527461305,-0.010937647533920177,-1.0446640433614662,-1.881944496654621,-1.0920074656937555,1.0239156659446966,0,0,0,0,0.500119528664389,-0.8824145803199551,-0.9278367580878415,0,1,0,0,0,0,0,1
B0428,1,0,-1.2264725926338922,0.5664669960743716,-1.0591263341504722,-0.8148897547887718,1.8431634745605459,-0.47470737764869075,-0.47228582377522893,0,0,0,0,0.14242750685448033,-0.02600822186281601,-0.5759680132992576,0,0,1,0,0,0,0,1
B0429,1,0,-0.8384617742488077,-1.0474805937953804,-1.3482818339067626,-0.5151841609983006,-0.3005307352896918,0.7598927984414398,-1.7191203985418335,0,0,0,0,-0.32412730420192293,-0.15120716834101214,-0.8503255155460696,1,0,0,0,0,0,0,1
B0430,1,0,-0.5500159960531036,0.9532808812497654,0.16978453981376054,-0.30539024534497056,0.3496060332714457,0.2725506236690199,-0.47228582377522893,0,0,0,0,-0.6507156719414054,0.8113438717870539,-0.3794667373441668,0,0,0,1,0,1,0,0
B0431,1,0,6.9232187852203735,-1.1008342331299175,0.6396622269177324,-1.3643500100713024,1.6323083063785537,-0.6696442475576592,-1.2203865686351918,0,0,0,1,0.9977779937912197,-1.1246315661036614,7.636678437591799,0,1,0,0,0,0,0,1
B0432,1,0,-1.0273425122551325,1.3267563565915277,0.6396622269177324,-0.035655210933546115,1.1051703859235777,-0.21479155110339995,0.026448006131412915,0,0,0,0,-1.0706150018921687,0.6373356310380649,-0.5929456178446293,0,0,0,1,0,0,1,0
B0433,1,0,-0.6290823514976119,-0.2738528234445897,-0.7880430531289503,0.8035204516797726,-1.0385238239266583,-0.37723894269420655,-1.4697534835885127,0,0,0,0,-0.013090763497655198,-0.4449949360487389,-0.9097214411756172,0,0,0,1,0,1,0,0
B0434,0,0,-0.6876500221972472,0.8732504222479603,0.6035177894481961,2.342009166470859,-0.19510315119869728,-0.9295600741029488,-1.7191203985418335,0,0,0,0,2.3818905999252156,-0.2170686488704848,-0.6837350647195509,1,0,0,0,0,0,1,0
B0435,0,0,-0.5939417490778302,-0.20716077427641816,0.043279008670383874,0.28403075577629017,0.08603707304395695,-0.5396863342850132,-0.9710196536818708,0,0,0,0,-0.8217857693287524,-0.523697334165719,-0.5075144292135991,1,0,0,0,0,1,0,0
B0436,1,0,-0.29524662850968997,-0.44725215128183726,-0.9868374592114,-0.6750271443532186,-0.2829594712745263,-0.31225998605788413,0.2758149210847338,0,0,0,0,-0.07529807163850764,-0.5013292841745779,-0.3675647979709214,0,1,0,0,0,1,0,0
B0437,0,0,-0.19568158832030963,-1.0474805937953804,0.20592897728329684,1.452882571559127,-0.07210430309253565,0.3700190586235041,0.2758149210847338,0,0,0,0,0.9977779937912186,-0.4084397432391422,-0.2041232413726612,1,0,0,0,0,0,1,0
B0438,0,0,-0.05804756217616679,-2.3813215771588117,-0.3000931472902106,-0.1555374484497349,0.4023198253169437,-1.0920074656937555,0.7745487509913757,0,0,0,0,-0.8839930774696071,-2.0841449698131775,0.09445285412856108,1,0,0,0,0,0,0,1
B0439,1,0,-0.5002334759584138,1.100003389419744,0.3866511646309784,1.2730592152848446,-0.8100973917295022,0.5649559285324713,1.5226494958513386,0,0,0,0,0.717845107157377,1.148452477054786,-0.726127695524475,0,0,1,0,0,0,1,0
B0440,1,0,-0.47680640767855936,0.019592192895363614,1.1818287889607761,0.21409945055851326,-0.9682387678659948,-1.3519232922390463,1.7720164108046594,0,0,0,0,-0.930648558575247,-0.997775727033529,-0.7602333762508326,1,0,0,0,0,0,1,0
B0441,0,0,-0.44459418879376006,1.3134179467578921,-0.11937095994252908,0.19411907763914824,0.3144635052411131,-0.31225998605788413,0.026448006131412915,0,0,0,0,-0.9617522126456742,0.5466552802252101,-0.29413096975035774,0,1,0,0,0,0,1,0
B0442,0,0,-0.21325188953020008,1.753585471267824,-0.8061152718637185,-1.4043107559100318,-1.9698008167304502,-0.7021337258758198,-0.9710196536818708,0,0,0,0,1.059985301932073,0.46443198535036545,-0.9011739182646427,0,0,1,0,0,1,0,0
B0443,1,0,-0.07561786338605725,-1.874462003480708,-0.04708208500345648,1.3330003340429395,1.6498795703937192,0.4025085369416647,1.5226494958513386,0,0,0,0,0.811156069368659,-0.926322234006271,0.5383294990365667,0,0,1,0,0,0,1,0
B0444,0,0,0.4427060223057165,-1.2875719708007984,-0.02900986626868873,-0.7049977037322656,0.03332328099846046,0.1425927103963739,0.026448006131412915,0,0,0,0,-0.028642590532867756,-0.7100977507585676,0.4091110644412439,1,0,0,0,0,0,0,1
B0445,1,0,-0.07854624692103884,0.8332351927470577,-0.10129874120776133,-0.7249780766516306,-1.1439514080176545,-0.40972842101236834,-0.9710196536818708,0,0,0,0,0.0024610635375595692,0.181931798425205,-0.4945885487101847,0,0,0,1,0,1,0,0
B0446,0,0,-0.4650928735386321,0.7532047337452508,-0.6615375219855733,-0.6050958391354417,0.3144635052411131,0.4349980152598265,-1.4697534835885127,0,0,0,0,-0.18416086088500216,0.8134149875269745,-0.3130133250002344,0,0,0,1,0,1,0,0
B0447,1,0,-0.1810396706454008,0.6731742747434456,-1.041054115415704,-0.44525285578052365,0.0157520169832934,-0.08483363783075513,1.5226494958513386,0,0,0,0,-0.4329900934484175,0.3467926113228788,-0.1592937040787345,0,0,1,0,0,0,0,1
B0448,0,0,-1.4373162071525802,-0.7273587577881571,0.6035177894481961,1.80253909764801,0.6483175215292654,-0.6046652909213356,0.026448006131412915,0,0,0,0,1.5420919400236888,-0.8684345490754917,-1.1178567435917601,0,0,1,0,0,0,1,0
B0449,1,0,0.47784662472549744,1.3534331762587948,-0.7157541781898776,-1.5841341121843142,-0.4586721114261844,0.5324664502143107,1.2732825808980175,0,0,0,0,1.3399181885659146,1.289357384560713,0.23987818489170937,0,0,1,0,1,0,0,0
B0450,1,0,-0.14589906822561988,1.1400186189206465,-0.9868374592114,0.5437756037280314,0.5253186734231038,-0.5396863342850132,-0.222918908821908,0,0,0,0,-0.4174382664132038,0.2537649960047814,0.05773043495843933,1,0,0,0,0,0,1,0
B0451,1,0,-0.6730081045223384,-0.44725215128183726,0.3685789458962106,0.9134125027362795,1.9661623226667044,1.2472349732138595,1.5226494958513386,0,0,0,0,0.15797933388969398,0.6021611820550797,0.03433026060018411,0,0,0,1,0,1,0,0
B0452,0,0,0.8761067854830179,-1.7010626756434615,-0.7157541781898776,-1.2444677725551136,-0.6870985436233406,-0.40972842101236834,0.2758149210847338,0,0,0,0,0.8111560693686579,-1.3068552326210023,0.485011159469955,0,0,0,1,0,0,0,1
B0453,1,0,0.37242481746615386,1.7802622909350931,-0.22780427235113798,-0.005684651554499276,0.5956037294837674,0.3050401019871805,2.270750240711301,0,0,0,0,-1.1172704829978086,1.3708557889265836,0.5711506658003488,1,0,0,0,0,1,0,0
B0454,0,0,0.6330509520795315,0.8865888320815939,0.31436228969190577,0.9933339944137383,0.0157520169832934,-0.6046652909213356,1.0239156659446966,0,0,0,0,0.28239395017140106,0.054627217611422994,0.573260938738867,0,1,0,0,0,0,1,0
B0455,1,0,1.1601599883762501,-0.36722169228003027,0.26014563348760167,-0.6850173308129005,-0.528957167486848,0.4349980152598265,-0.47228582377522893,0,0,0,0,-0.059746244603295084,0.07982579244712291,0.7986454286524696,0,1,0,0,0,0,0,1
B0456,0,0,0.6476928697544404,1.3801099959260639,-0.9326208030070955,0.11419758596168951,-0.21267441521386277,0.3050401019871805,0.026448006131412915,0,0,0,0,-1.0861668289273814,1.1130018793064786,0.49039510799309743,0,1,0,0,0,0,0,1
B0457,0,0,-0.18982482125034644,0.7265279140779837,0.24207341475283314,-0.015674838014181083,-0.3883870553655209,-1.1244969440119172,-0.222918908821908,0,0,0,0,-1.1017186559625962,-0.4533484361997519,-0.3129766246013045,0,0,1,0,0,0,0,1
B0458,1,0,-0.31867369678954366,0.6331590452425431,-0.8061152718637185,-0.11557670261100554,1.8607347385757114,-0.18230207278523933,0.026448006131412915,0,0,0,0,-0.9462003856104606,0.24489371691878953,0.36540822939449175,1,0,0,0,0,1,0,0
B0459,0,1,0.2025785724372109,0.019592192895363614,-1.0229818966809359,0.39392280683279574,0.8416014256960905,-0.2797705077397224,0.2758149210847338,0,0,0,0,-0.6507156719414054,-0.19925705350716805,0.5069102875119408,0,0,1,0,0,0,0,1
B0460,1,0,0.3548545162562634,0.4330828977380284,-0.5892486470465006,-1.114595348579243,-0.9506675038508293,-0.11732311614891576,0.2758149210847338,0,0,0,0,0.6089823179108835,0.17426867018749972,-0.06321572971788979,1,0,0,0,0,0,0,1
B0461,1,0,0.3197139138364817,1.5801861434305784,0.043279008670383874,0.8035204516797726,1.3160255541055683,0.8248717550777621,-1.7191203985418335,0,0,0,0,-0.013090763497655198,1.6937082141845305,0.8075856458320023,0,0,1,0,0,1,0,0
B0462,1,0,-0.05511917864118435,-0.0871150857737105,-0.46274311590312395,-0.33536080472401736,0.3671772972866112,1.2797244515320203,0.2758149210847338,0,0,0,0,-0.6040601908357656,0.8851791479152203,0.08415472218858967,1,0,0,0,0,0,0,1
B0463,0,0,0.2347907913220102,-1.167526282298089,0.6396622269177324,0.09421721304232447,0.05089454501362596,-0.21479155110339995,1.0239156659446966,0,0,0,0,-1.1172704829978086,-0.866674100696559,0.22862951261943032,0,1,0,0,0,0,0,1
B0464,1,0,-1.3406795504981814,0.7665431435788862,-0.5350319908421965,2.152195623736893,-0.10724683112286665,-1.027028509057433,0.026448006131412915,0,0,0,0,2.086405886256159,-0.35372776910957415,-1.237059639318878,0,0,0,1,0,1,0,0
B0465,0,0,0.10301353224783055,0.4330828977380284,0.9649621641435592,0.9833438079540564,0.859172689711256,0.045124275441890856,0.026448006131412915,0,0,0,0,0.26684212313618855,0.30060673032265195,0.41815771277767666,0,1,0,0,0,1,0,0
B0466,1,0,0.0298039438732863,1.7669238811014596,0.8023121955306455,1.9523918945432457,0.08603707304395695,1.312213929850182,-0.222918908821908,0,0,0,0,1.7753693455518904,2.25256427800642,0.05688632578303172,0,0,1,0,0,0,1,0
B0467,1,0,0.7004037733841117,-1.4743097084716787,0.49508447703958725,-0.08560614323195799,0.6131749934989329,0.46748749357798713,-0.9710196536818708,0,0,0,0,-0.9928558667161016,-0.6246987450825109,0.8872989123096195,1,0,0,0,0,0,0,1
B0468,1,0,0.8526797172031643,0.16631470106534027,1.0011066016130954,-0.08560614323195799,-0.7398123356688386,0.2400611453508581,-1.2203865686351918,0,0,0,0,-0.9928558667161016,0.28169053989804316,0.44217078379807534,0,0,1,0,0,0,1,0
B0469,1,0,-0.8984936367159344,-1.114172642963552,-0.6976819594551096,0.47384429851025445,-0.7749548636991697,0.4349980152598265,-0.222918908821908,0,0,0,0,-0.5263010556596983,-0.409233670939445,-1.0501408375246089,0,1,0,0,0,0,0,1
B0470,1,0,0.09715676517786734,-0.5006057906163734,0.7300233205915728,1.093235859010562,-0.0369617750622031,0.7923822767596004,0.026448006131412915,0,0,0,0,0.4379122205235355,0.2438581590488292,0.0709462486134075,0,0,1,0,0,0,1,0
B0471,0,0,-1.1444778536544031,-0.9007580856254027,-0.4446708971683558,1.442892385099445,-1.3196640481693127,-0.052344159512593344,0.2758149210847338,0,0,0,0,0.9822261667560059,-0.5967386825935832,-1.417009035356195,0,0,0,1,0,0,1,0
B0472,0,1,-0.7696447611767363,0.5664669960743716,1.6155620385952119,2.2321171154143533,1.0173140658477486,-0.7671126825121423,-1.2203865686351918,0,0,0,0,2.2108205025378687,-0.25652340371596966,-0.3690915345664401,0,1,0,0,0,0,1,0
B0473,0,0,-0.4299522711188512,-1.9945076919834166,-1.0591263341504722,-0.8648406870871836,-0.1599606231683647,-0.052344159512593344,-0.7216527387285498,0,0,0,0,0.22018664203054752,-1.2704035955984012,-0.44364839499428527,0,0,1,0,0,0,0,1
B0474,0,0,0.13815413466761228,0.20632993056624474,-0.04708208500345648,-0.6750271443532186,0.3671772972866112,-0.6046652909213356,-0.9710196536818708,0,0,0,0,-0.07529807163850764,-0.33443187413264813,0.26291502530054944,0,0,0,1,0,0,0,1
B0475,0,0,0.059087779223104,-0.5139442004500089,0.043279008670383874,0.4238933662118426,-0.14238935915319922,-1.9042444236477885,-1.7191203985418335,0,0,0,0,-0.6040601908357656,-1.6590484641944887,-0.0030674459102627287,0,0,1,0,0,0,1,0
B0476,1,0,0.8673216348780731,-0.9541117249599408,1.3986954137779941,0.5437756037280314,1.948591058651539,0.7598927984414398,-0.47228582377522893,0,0,0,0,-0.4174382664132038,-0.08765843372111815,1.627002792838934,1,0,0,0,0,0,1,0
B0477,1,0,-0.2835330943697627,-1.087495823296284,0.296290070957138,-0.14554726199005238,-0.3532445273351899,-0.052344159512593344,-1.4697534835885127,0,0,0,0,-0.8995449045048207,-0.7117546433505039,-0.38215687658579234,0,0,0,1,0,0,0,1
B0478,0,0,-0.23375057427507298,-0.6339898889527165,-0.6976819594551096,0.28403075577629017,0.5780324654686019,1.2147454948956977,-0.7216527387285498,0,0,0,0,-0.8217857693287524,0.4453086833517663,-0.00566583415456022,1,0,0,0,0,0,0,1
B0479,0,1,-0.942419389740661,0.23300675023351372,-0.4446708971683558,-1.0346738569017837,-0.33567326332002284,-1.8717549453296278,0.2758149210847338,0,0,0,0,0.4845677016291754,-1.28441814543853,-0.9523159241746598,0,0,0,1,0,0,0,1
B0480,1,0,-0.14589906822561988,0.03293060272899906,0.043279008670383874,-1.1745364673373375,0.08603707304395695,0.6624243634869555,-0.7216527387285498,0,0,0,0,0.7022932801221644,0.511446312646561,-0.10209980238503327,0,1,0,0,0,0,1,0
B0481,1,0,-0.11075846580583815,0.553128586240736,-0.9326208030070955,-0.19549819428846427,-0.8276686557446677,-0.24728102942156174,1.0239156659446966,0,0,0,0,-0.8217857693287535,0.1452730498286112,-0.4050395753191227,0,0,1,0,0,1,0,0
B0482,0,0,-0.21032350599521848,-0.4205753316145683,-0.28202092855544286,0.16414851826010138,1.3687393461510664,1.7345771479862795,-0.7216527387285498,0,0,0,0,-1.0084076937513142,0.96722984981174,0.30041549292800335,0,1,0,0,0,0,0,1
B0483,1,0,0.13229736759764824,0.47309812723893097,-0.8241874905984866,-0.4252724828611593,0.24417844918044956,1.6046192347136334,1.0239156659446966,0,0,0,0,-0.4640937475188437,1.5433797300619663,0.21030500343329978,0,1,0,0,0,1,0,0
B0484,0,0,0.18793665476230204,2.327137094114101,-0.13744317867729763,0.12418777242137131,-0.9330962398356638,0.3050401019871805,0.7745487509913757,0,0,0,0,-1.0706150018921687,1.7232561320740645,-0.19509861327558634,0,0,1,0,0,0,0,1
B0485,1,0,0.041517478013213545,0.39306766823712586,-0.13744317867729763,-0.33536080472401736,2.2473025469093586,0.9873191466685688,2.0213833257579803,0,0,0,0,-0.6040601908357656,1.005407416617609,0.8827407227624189,0,1,0,0,0,1,0,0
B0486,1,0,-0.8750665684360799,0.17965311089897573,0.4047233833657469,-1.5341831798859025,2.018876114712204,-0.18230207278523933,0.7745487509913757,0,0,0,0,1.2621590533898472,-0.029736230194674088,-0.1591615826425827,0,0,1,0,0,0,0,1
B0487,0,0,-0.23082219074009055,1.0066345205843035,-0.3723820222292832,-0.9347719923049599,-1.3548065761996435,0.9223401900322463,0.5251818360380548,0,0,0,0,0.32904943127704095,1.380624551499877,-0.6944589212871192,0,1,0,0,0,0,0,1
B0488,0,0,-0.04926241157122115,-0.18048395460915106,-0.7699708343941821,0.783540078760409,-0.9155249758204967,-0.7671126825121423,-0.7216527387285498,0,0,0,0,-0.04419441756808031,-0.6740603368839497,-0.3859737180745916,0,0,0,1,0,0,0,1
B0489,0,0,0.9522447573925438,-0.2738528234445897,0.458940039570051,-0.884821060006548,-0.05453303907737016,-0.31225998605788413,-0.47228582377522893,0,0,0,0,0.25129029610097375,-0.3981186831352044,0.8294077030362336,0,0,1,0,0,1,0,0
B0490,1,0,-0.8106421306664813,-1.4209560691371417,1.2179732264303125,0.044266280743912596,-0.6168134875626771,-0.14981259446707754,1.2732825808980175,0,0,0,0,-1.195029618173876,-0.9785488692479335,-0.9260017381413034,0,1,0,0,0,0,1,0
B0491,1,0,-0.1576126023655463,-0.32720646277912774,1.3083343201041537,1.9024409622448337,1.8080209465302117,0.4025085369416647,-0.7216527387285498,0,0,0,0,1.6976102103758233,0.08272535448301226,0.5123969971520903,1,0,0,0,0,0,1,0
B0492,0,0,0.3167855303015001,-0.9674501347935743,-0.3362375847597469,-1.424291128829397,0.05089454501362596,-0.2797705077397224,0.2758149210847338,0,0,0,0,1.0910889560025006,-0.7893179278105272,0.3026175168638488,1,0,0,0,0,0,0,1
B0493,1,0,-0.5851565984728854,-1.3676024298026037,-0.9326208030070955,0.32399150161501883,-0.4059583193806864,0.045124275441890856,0.2758149210847338,0,0,0,0,-0.7595784611879,-0.8224557796492551,-0.6631608210789652,0,0,1,0,0,0,1,0
B0494,1,0,0.03566071094325034,-1.9544924624825142,0.16978453981376054,1.6726666736721394,1.474166930242061,-0.9295600741029488,0.5251818360380548,0,0,0,0,1.3399181885659146,-1.7611544701725714,0.5852252687902957,0,1,0,0,0,0,1,0
B0495,0,0,-0.18982482125034644,-0.9274349052926717,-0.3362375847597469,1.5927451819946807,-0.7749548636991697,0.20757166703269747,0.7745487509913757,0,0,0,0,1.2155035722842076,-0.43919581197696145,-0.45241612029884504,0,0,1,0,0,1,0,0
B0496,0,0,-0.8955652531809528,-1.7810931346452674,0.4047233833657469,0.673648027703902,-0.5992422235475116,-0.7021337258758198,-1.4697534835885127,0,0,0,0,-0.2152645149554295,-1.5297072862364514,-0.9931341078654551,0,1,0,0,0,0,1,0
B0497,0,0,0.40463703635095316,0.31303720923531886,0.4408678208352832,-0.40529210994179427,-0.21267441521386277,-2.586523468329177,2.0213833257579803,0,1,0,0,-0.495197401589271,-1.7957766216249091,0.2756427236497375,0,0,1,0,0,0,0,1
B0498,0,1,0.0825148475029585,0.12629947156443963,-0.3543098034945151,0.16414851826010138,-0.05453303907737016,0.2400611453508581,-1.2203865686351918,0,0,0,0,-1.0084076937513142,0.25611226051002534,0.05114638339026094,0,0,0,1,0,1,0,0
B0499,1,0,-0.6964351728021921,0.5931438157416405,-0.7157541781898776,0.21409945055851326,0.8767439537264216,0.6949138418051173,-0.7216527387285498,0,0,0,0,-0.930648558575247,0.9140712124871131,-0.34361044758881143,0,0,1,0,0,0,0,1
B0500,1,0,0.7062605404540758,-0.36722169228003027,-0.3543098034945151,0.6636578412442201,1.2281692340297394,0.6624243634869555,-1.2203865686351918,0,0,0,0,-0.23081634199064205,0.242201266456893,1.1539603409006507,0,0,1,0,0,1,0,0
B0501,0,0,0.6681915544993124,1.3400947664251612,-0.46274311590312395,-0.36533136410306494,0.6483175215292654,-0.9945390307392724,2.0213833257579803,0,0,0,0,-0.5574047097301246,-0.01737857294648096,0.8717673034821207,1,0,0,0,0,0,0,1
B0502,0,0,8.331771265546603,0.4064060780707594,-0.5169597721074284,0.2740405693166069,-0.21267441521386277,-0.052344159512593344,0.5251818360380548,0,0,0,1,-0.8373375963639672,0.208373042704858,7.279675306992802,0,1,0,0,0,0,0,1
B0503,0,0,-0.16932613650547354,-1.0208037741281124,-0.19165983488160168,-0.9847229246033717,1.7201646264543842,1.2147454948956977,0.5251818360380548,0,0,0,0,0.40680856645310814,0.1680208043720714,0.46854002042982834,0,0,0,1,0,1,0,0
B0504,0,1,-0.0346204938963123,-0.4205753316145683,-0.6253930845160369,-0.7149878901919481,1.0348853298629141,0.17508218871453568,-1.4697534835885127,0,0,0,0,-0.013090763497654093,-0.13957440160179196,0.3513556466439019,1,0,0,0,0,0,0,1
B0505,0,0,0.1469392852725571,0.49977494690619995,-0.7699708343941821,-0.5751252797563949,-0.5465284315020135,0.07761375376005149,2.270750240711301,0,0,0,0,-0.23081634199064205,0.36764184310474596,-0.08049060749459948,1,0,0,0,0,1,0,0
B0506,1,0,-0.716933857547065,-0.1404687251082466,-0.17358761614683393,1.2530788423654795,1.0524565938780797,-1.3519232922390463,-0.7216527387285498,0,0,0,0,0.6867414530869497,-1.079791910334381,-0.306539374628849,0,0,1,0,0,0,0,1
B0507,0,0,0.12058383345772183,1.2867411270906233,-0.24587649108590653,-0.7849191954097242,-1.3723778402148106,-0.7021337258758198,0.026448006131412915,0,0,0,0,0.09577202574883933,0.20105510042380412,-0.41932704062286885,0,1,0,0,0,1,0,0
B0508,1,0,-0.5705146807979765,1.1933722582551844,-0.6976819594551096,-1.514202806966538,0.4726048813776073,-0.24728102942156174,-1.4697534835885127,0,0,0,0,1.2310553993194213,0.5296721311578622,-0.3573730971878484,0,0,1,0,0,1,0,0
B0509,1,0,-0.38016975102416145,2.660597339954959,-1.2217763027633854,-0.1655276349094174,-1.073666351956991,-0.6046652909213356,0.5251818360380548,0,0,0,0,-0.8684412504343934,1.0692323000028263,-0.7166553225604455,0,1,0,0,0,1,0,0
B0510,1,0,7.344906014257748,0.2996987994016853,-1.0952707716200085,-0.6750271443532186,-0.528957167486848,0.17508218871453568,0.026448006131412915,0,0,0,1,-0.07529807163850764,0.31710661905068505,6.123667791272164,1,0,0,0,0,1,0,0
B0511,1,0,-0.6027268996827758,0.1596454961485254,-0.5711764283117324,-1.5341831798859025,-0.4059583193806864,0.1425927103963739,0.5251818360380548,0,0,0,0,1.2621590533898472,0.20374755088570068,-0.6784428671937349,0,0,0,1,0,0,0,1
B0512,1,0,-0.47680640767855936,1.6068629630978475,-1.3663540526415308,0.8135106381394558,-0.7046698076385076,0.20757166703269747,-1.4697534835885127,0,0,0,0,0.0024610635375595692,1.1742033494211312,-0.6705559514635143,0,1,0,0,0,0,0,1
B0513,1,0,0.6301225685445491,1.206710668088818,-0.7699708343941821,0.18412889117946643,-0.08967556710770115,0.7598927984414398,-1.4697534835885127,0,0,0,0,-0.9773040396808869,1.3830408531964515,0.5264312297032134,0,1,0,0,0,1,0,0
B0514,0,0,0.01223364266339585,-0.7140203479545235,-0.3723820222292832,-0.2154785672078293,-0.7573835996840041,-1.5468601621480147,-0.7216527387285498,0,0,0,0,-0.7906821152583262,-1.5074773106279713,-0.27539908613609615,0,0,1,0,0,1,0,0
B0515,1,1,0.419278954025862,-0.8340660364572312,0.7480955393263414,-0.055635583852911154,-0.0018192470318721,0.8898507117140846,-0.222918908821908,0,0,0,0,-1.0395113478217415,0.0820004639740393,0.3737979405900635,0,1,0,0,0,0,0,1
B0516,0,0,0.2845733114167008,-0.10045349560734405,0.5673733519786599,0.32399150161501883,-1.4602341602906397,-0.40972842101236834,0.5251818360380548,0,0,0,0,-0.7595784611879,-0.3665686866970822,-0.32266185987913243,0,0,0,1,0,0,1,0
B0517,1,0,0.25821785960186466,1.4201252254269663,-0.010937647533920177,0.7535695193813606,-0.19510315119869728,0.7274033201232779,0.026448006131412915,0,0,0,0,-0.09084989867372241,1.500473115649944,0.15317349241778183,0,1,0,0,0,0,0,1
B0518,0,0,-0.3098885461845988,1.073326569752475,0.3685789458962106,-0.2654294995062412,-1.6710893284726305,-0.31225998605788413,-0.9710196536818708,0,0,0,0,-0.712922980082259,0.4037482941706943,-0.8692555813145576,0,0,1,0,0,0,0,1
B0519,0,0,-0.17811128711041918,0.7932199632461552,-1.2579207402329218,-1.6940261632408204,-1.8995157606697866,0.3375295803053423,1.5226494958513386,0,0,0,0,1.5109882859532626,0.7610157593069858,-0.8491180724212486,1,0,0,0,0,0,0,1
B0520,0,0,0.4163505704908804,-1.8077699543125365,0.2240011960180654,1.0233045537927852,-0.8452399197598333,-0.18230207278523933,0.026448006131412915,0,0,0,0,0.32904943127704095,-1.2332615866624932,0.03046937863266902,0,1,0,0,0,0,1,0
B0521,1,0,-0.32745884739448927,0.03293060272899906,0.3685789458962106,-1.284428518393843,0.4198910893321092,1.4421718431228268,-0.9710196536818708,0,0,0,0,0.8733633775095114,1.093015612416247,-0.1492377947717046,0,1,0,0,0,1,0,0
B0522,0,0,-0.5031618594933954,-0.9407733151263062,-0.3000931472902106,-1.1345757214986074,-0.9858100318811603,-1.1894759006482396,1.5226494958513386,0,0,0,0,0.6400859719813098,-1.3813118434711453,-0.7880449385605648,1,0,0,0,0,0,0,1
B0523,1,1,-0.5119470100983411,0.5664669960743716,-0.15551539741206538,-0.695007517272583,-0.42352958339585345,-0.31225998605788413,-1.7191203985418335,0,0,0,0,-0.04419441756808142,0.10205576805560419,-0.605420083441196,0,0,1,0,0,0,0,1
B0524,0,0,-0.3596710662792886,0.4864365370725645,0.5493011332438921,-1.7339869090795499,0.4023198253169437,0.07761375376005149,-1.4697534835885127,0,0,0,0,1.5731955940941162,0.35928834295373296,-0.18527758652171358,0,0,1,0,0,0,0,1
B0525,0,0,0.0883716145729217,0.03293060272899906,0.20592897728329684,1.4628727580188101,0.138750865089455,-0.31225998605788413,-0.9710196536818708,0,0,0,0,1.0133298208264332,-0.21551531206554433,0.12994213989460832,0,1,0,0,0,0,1,0
B0526,1,0,-0.3450291486043797,0.2996987994016853,0.31436228969190577,-0.17551782136909994,-0.7398123356688386,-0.052344159512593344,-0.222918908821908,0,0,0,0,-0.8528894233991797,0.1426496365580464,-0.5710354796829638,0,0,1,0,0,0,0,1
B0527,0,0,-1.1884036066791297,-0.8207276266235977,-0.02900986626868873,0.3439718745343839,-0.5992422235475116,-0.8645811174666264,-0.47228582377522893,0,0,0,0,-0.7284748071174726,-1.098017728845682,-1.2437978325625665,1,0,0,0,0,0,1,0
B0528,0,0,0.03273232740826874,-1.220879921632627,0.8384566330001817,0.4538639255908894,0.3144635052411131,-1.2219653789664013,1.5226494958513386,0,0,0,0,-0.5574047097301257,-1.5494519229570276,0.14555815963964835,0,1,0,0,0,0,1,0
B0529,1,0,0.5100588436102967,-0.540621020117276,-0.4808153346378921,-1.8338887736763736,1.5620232503178917,1.4096823648046661,-0.47228582377522893,0,0,0,0,1.7287138644462505,0.6487267676076283,1.0975334775446026,0,1,0,0,0,0,0,1
B0530,0,0,-0.11368684934081975,-1.6610474461425588,-1.2579207402329218,0.4838344849699377,-0.07210430309253565,-1.027028509057433,0.026448006131412915,0,0,0,0,-0.5107492286244836,-1.6604637266167674,-0.13085456494728537,0,0,0,1,1,0,0,0
B0531,1,0,-0.05804756217616679,1.233387487756087,0.5312289145091236,-0.9048014329259131,-0.581670959532346,1.4746613214409885,0.5251818360380548,0,0,0,0,0.28239395017140106,2.002649645389344,-0.269732544541186,1,0,0,0,0,0,0,1
B0532,1,0,-0.060975945711148394,-0.0070846267719034935,-1.9627372708888788,-0.8248799412484543,-1.5129479523361378,-0.799602160830304,0.2758149210847338,0,0,1,0,0.15797933388969398,-0.601260618625743,-0.6167238063118708,0,1,0,0,0,0,0,1
B0533,1,0,0.36363966686120824,0.03293060272899906,0.07942344613992018,-0.09559632969164052,-0.6519560155930096,0.7923822767596004,0.2758149210847338,0,0,0,0,-0.977304039680888,0.6083745292748416,0.06362451902671985,0,1,0,0,0,1,0,0
B0534,0,0,0.732615992268911,1.36677158609243,-0.28202092855544286,0.07423684012295945,-1.6008042724119669,0.6624243634869555,0.026448006131412915,0,0,0,0,-1.148374137068236,1.408929799945459,-0.026614421864240033,0,1,0,0,0,0,0,1
B0535,1,0,-0.3040317791146348,0.6464974550761766,0.6035177894481961,-1.3143990777728907,-0.7046698076385076,1.0522981033048913,-0.7216527387285498,0,0,0,0,0.9200188586151524,1.2341276314961653,-0.5239635480143671,0,0,0,1,0,0,0,1
B0536,1,0,0.03566071094325034,-0.9274349052926717,-0.10129874120776133,0.3739424339134307,0.43746235334727473,0.01263479712372907,-1.7191203985418335,0,0,0,0,-0.6818193260118327,-0.5696761035919555,0.19460090273082714,0,1,0,0,0,0,1,0
B0537,0,0,0.9610299079974894,-1.0074653642944777,0.1878567585485291,-0.8448603141678187,-0.6168134875626771,-1.1894759006482396,0.7745487509913757,0,0,0,0,0.1890829879601202,-1.4163482180714675,0.5882934221409083,1,0,0,0,0,0,0,1
B0538,1,0,1.7429083118376216,0.7665431435788862,0.007134571200847572,1.4628727580188101,0.8240301616809235,-0.9945390307392724,1.0239156659446966,0,0,0,1,1.0133298208264332,-0.32759719219091094,1.974937254862139,0,0,1,0,0,0,1,0
B0539,1,1,-0.6378675021025567,0.3530524387362214,0.9830343828783269,-0.035655210933546115,1.5795945143330572,0.7923822767596004,1.0239156659446966,0,0,0,0,-1.0706150018921687,0.8270843514104488,-0.05624632396093748,0,0,0,1,0,0,1,0
B0540,1,0,0.7209024581289847,1.4201252254269663,-0.11937095994252908,-0.315380431804653,-2.004943344760781,0.8898507117140846,0.7745487509913757,0,0,0,0,-0.6351638449061917,1.6395830561812739,-0.20783365170456036,0,1,0,0,0,1,0,0
B0541,1,0,1.8541868861669293,-0.567297839784545,0.8565288517349503,0.09421721304232447,0.22660718516528408,0.5974454068506331,-0.47228582377522893,0,0,0,1,-1.1172704829978086,0.06222130865779897,1.7788910638537896,0,1,0,0,0,0,0,1
B0542,1,0,-0.22496542367012734,0.4597597174052974,-0.010937647533920177,-1.4542616882084436,-0.26538820725936085,-0.2797705077397224,1.7720164108046594,0,0,0,0,1.1377444371081404,0.06387820124973521,-0.29952592839318,1,0,0,0,0,0,0,1
B0543,0,0,0.0825148475029585,-1.6210322166416564,0.06135122740515243,0.9633634350346914,0.9997428018325832,0.20757166703269747,-0.47228582377522893,0,0,0,0,0.2357384690657612,-0.8807576877280183,0.4519147397141928,0,1,0,0,0,0,1,0
B0544,1,0,-0.8311408154113533,-0.0337614464391725,-0.5169597721074284,0.20410926409883004,-0.3883870553655209,-0.6046652909213356,0.5251818360380548,0,0,0,0,-0.9462003856104617,-0.4717468476893793,-0.8715750465269813,0,0,0,1,0,0,0,1
B0545,1,0,-0.3479575321393613,0.19299152073261117,0.296290070957138,-0.8248799412484543,-0.1599606231683647,0.5324664502143107,1.2732825808980175,0,0,0,0,0.15797933388969398,0.5205592219022123,-0.3708935241539405,1,0,0,0,1,0,0,0
B0546,1,0,0.48956015886542464,-0.5006057906163734,0.007134571200847572,-0.7849191954097242,-0.42352958339585345,0.3700190586235041,1.0239156659446966,0,0,0,0,0.09577202574883933,-0.05320887524710479,0.2644013914572453,0,1,0,0,0,0,1,0
B0547,0,0,0.3899951186760443,-0.3405448726127613,0.6396622269177324,3.540831541632744,-0.2829594712745263,-1.286944335602724,0.2758149210847338,1,0,0,0,4.248109844150829,-1.1357810725035666,0.2344465258499564,0,0,1,0,0,0,1,0
B0548,0,0,0.25528947606688307,-1.300910380634432,-0.4085264596988195,0.5038148578893012,-0.17753188718353022,-1.8067759886933055,0.026448006131412915,0,0,0,0,-0.47964557455405843,-1.9653319635330695,0.15747844921236118,0,1,0,0,0,0,0,1
B0549,1,0,-0.8018569800615356,-0.36722169228003027,0.007134571200847572,2.152195623736893,0.19146465713495306,0.6299348851687937,-0.47228582377522893,0,0,0,0,2.086405886256159,0.21900477016978315,-0.6622212908663374,0,0,1,0,0,0,1,0
B0550,0,0,0.3812099680710987,-0.3138680529454942,1.0191788203478633,-0.04564539739322934,0.33203476925628017,0.3700190586235041,0.2758149210847338,0,0,0,0,-1.0550631748569541,0.06808946992090695,0.4736120155620592,1,0,0,0,0,0,1,0
B0551,1,1,0.7179740745940022,-0.20716077427641816,-0.08322652247299278,-1.2544579590147962,1.245740498044905,0.1425927103963739,-1.7191203985418335,0,0,0,0,0.8267078964038715,-0.027872226028745048,1.1729894977462512,1,0,0,0,0,0,0,1
B0552,0,0,-1.009772211045242,0.1596454961485254,-0.07419041310560891,-0.6550467714338537,0.1563221291046205,-0.7346232041939815,-0.7216527387285498,0,0,0,0,-0.10640172570893497,-0.45937193114335356,-0.8625394083102284,0,0,0,1,0,0,0,1
B0553,1,0,-0.8077137471314997,-0.9541117249599408,0.35050672716144204,-0.47522341515957117,-0.7046698076385076,0.4349980152598265,1.5226494958513386,0,0,0,0,-0.3863346123427765,-0.30443521449946637,-0.9513176733237442,0,1,0,0,0,0,0,1
B0554,1,0,0.04444586154819515,-0.9407733151263062,-0.07419041310560891,-0.24544912658687615,-0.9858100318811603,0.2725506236690199,0.5251818360380548,0,0,0,0,-0.7440266341526863,-0.40426299316363506,-0.33440231749708377,1,0,0,0,0,0,0,1
B0555,1,0,0.0268755603383047,1.5134940942624069,0.6035177894481961,0.4538639255908894,0.771316369635427,0.1425927103963739,0.2758149210847338,0,0,0,0,-0.5574047097301257,1.0586350911335651,0.3120164890300169,0,0,1,0,0,0,0,1
B0556,1,0,-0.9658464580205154,-0.9274349052926717,0.20592897728329684,0.29402094223597197,1.210597970014574,-0.24728102942156174,1.2732825808980175,0,0,0,0,-0.8062339422935398,-0.7436498257452799,-0.5006367744539741,0,0,0,1,0,0,1,0
B0557,1,0,-0.0024082750115129994,1.2734027172569897,0.8926732892044866,0.5437756037280314,0.8416014256960905,-0.7671126825121423,-0.47228582377522893,0,0,0,0,-0.4174382664132038,0.13864547946086622,0.31037965123770517,1,0,0,0,0,0,1,0
B0558,1,0,-0.11954361641078379,-2.2212606591552,-0.7699708343941821,0.5038148578893012,1.3687393461510664,-0.21479155110339995,0.026448006131412915,0,0,0,0,-0.47964557455405843,-1.502057891108513,0.3908636260928686,1,0,0,0,0,0,1,0
B0559,0,0,0.23186240778702857,2.2604450449459295,0.5854455707134276,0.4938246714296195,-0.17753188718353022,0.6624243634869555,0.5251818360380548,0,0,0,0,-0.495197401589271,2.0102437364357186,0.136720703577121,0,0,1,0,0,1,0,0
B0560,1,0,0.46906147412055177,2.5272132416186155,0.5493011332438921,-0.7449584495709949,-1.881944496654621,-0.8645811174666264,0.026448006131412915,0,0,0,0,0.03356471760798579,0.7474499512105061,-0.348007155380718,0,1,0,0,0,0,0,1
B0561,1,0,-0.1283287670157286,0.16631470106534219,1.1456843514912398,1.472862944478492,1.5971657783482227,0.11010323207821326,0.026448006131412915,0,0,0,0,1.0288816478616458,0.18338157944314967,0.46550856747814723,1,0,0,0,0,0,1,0
B0562,1,0,-0.26010602608990824,0.7398663239116172,0.7842399767958776,-0.12556688907068805,0.08603707304395695,0.4025085369416647,1.5226494958513386,0,0,0,0,-0.930648558575247,0.7786202430963097,-0.2054407856942753,0,0,1,0,0,0,1,0
B0563,1,0,-0.5441592289831404,-0.754035577455426,-0.3000931472902106,0.314001315155337,-0.05453303907737016,0.7923822767596004,-0.7216527387285498,0,0,0,0,-0.7751302882231125,0.07071288319147175,-0.5096210321122252,0,1,0,0,0,0,1,0
B0564,1,0,0.041517478013213545,0.5931438157416405,0.9288177266740228,-0.2054883807481468,1.245740498044905,1.312213929850182,-0.7216527387285498,0,0,0,0,-0.8062339422935398,1.4020260808123908,0.5049394760893586,0,0,0,1,0,0,0,1
B0565,1,0,-0.17225452004045513,0.659835864909812,0.6396622269177324,-0.4952037880789355,0.9997428018325832,-1.1894759006482396,0.5251818360380548,0,0,0,0,-0.35523095827235024,-0.5404388530634096,0.2047815933942212,1,0,0,0,0,1,0,0
B0566,0,0,6.2291918874296925,1.0866649795861085,-1.167559646559081,0.5637559766473964,-0.5640996955171805,-0.7346232041939815,0.2758149210847338,0,0,0,1,-0.3863346123427765,0.0612202693835027,5.13428008669719,0,0,1,0,0,0,0,1
B0567,0,0,-0.05219079510620275,2.580566880953152,-1.3663540526415308,-0.30539024534497056,-1.5129479523361378,0.045124275441890856,1.2732825808980175,0,0,0,0,-0.6507156719414054,1.639962760733593,-0.6097764207942773,0,1,0,0,0,1,0,0
B0568,1,0,-0.1810396706454008,-0.6206514791190829,-0.4808153346378921,-1.5541635528052675,0.20903592115011857,1.0198086249867306,-1.2203865686351918,0,0,0,0,1.2932627074602747,0.3196264765342553,-0.08945284491349183,1,0,0,0,0,0,0,1
B0569,1,0,0.6564780203593852,0.7398663239116172,0.1878567585485291,1.163167164228339,-0.10724683112286665,1.2472349732138595,-0.9710196536818708,0,0,0,0,0.54677500977003,1.456220276006977,0.5425500449136047,1,0,0,0,0,0,1,0
B0570,1,0,0.5979103496597498,0.2996987994016853,0.16978453981376054,0.5937265360264432,1.2808830260752375,1.084787581623053,0.2758149210847338,0,0,0,0,-0.3396791312371366,1.0149345490212434,1.0690686481339025,0,0,1,0,1,0,0,0
B0571,1,0,-1.0917669500247311,-1.8611235936470736,0.16978453981376054,1.3729610798816683,0.4023198253169437,-1.4169022488753686,-0.9710196536818708,0,0,0,0,0.8733633775095114,-2.000126707963734,-0.8642349667408287,0,0,1,0,0,0,1,0
B0572,1,0,0.5774116649148777,2.1403993564432198,-0.7880430531289503,0.3539620609940657,0.4023198253169437,-1.027028509057433,-1.7191203985418335,0,0,0,0,-0.7129229800822601,0.3857986244247153,0.6837878601587536,0,1,0,0,0,0,0,1
B0573,1,0,0.19086503829728363,-0.3138680529454942,-0.11937095994252908,-0.44525285578052365,-1.0560950879418238,-0.8645811174666264,-0.47228582377522893,0,0,0,0,-0.4329900934484175,-0.8186242155304031,-0.2403685553566826,0,1,0,0,0,1,0,0
B0574,1,0,-0.5500159960531036,-0.9140964954590373,-0.07419041310560891,-0.7249780766516306,1.0700278578932467,0.01263479712372907,0.026448006131412915,0,0,0,0,0.0024610635375595692,-0.5613916406322731,-0.13811023381589752,1,0,0,0,0,0,1,0
B0575,1,0,0.8468229501332002,0.39306766823712586,-0.010937647533920177,-0.7949093818694067,1.0173140658477486,0.17508218871453568,1.5226494958513386,0,0,0,0,0.111323852784053,0.37630601061674745,1.200951531691599,0,1,0,0,0,1,0,0
B0576,1,0,-0.3128169297195804,1.2600643074233562,-0.8061152718637185,-0.8048995683290893,-0.581670959532346,0.01263479712372907,-0.222918908821908,0,0,0,0,0.12687567981926667,0.7889758217959127,-0.48812927849837046,0,1,0,0,0,0,0,1
B0577,0,0,-1.153263004259348,-0.2738528234445897,-0.4808153346378921,-1.1345757214986074,-0.26538820725936085,-0.3447494643760459,-0.222918908821908,0,0,0,0,0.6400859719813098,-0.42155680959197167,-1.11623458595902,0,0,0,1,0,0,0,1
B0578,0,0,-0.3655278333492526,0.2196683403998783,0.3685789458962106,1.522813876776904,-0.37081579135035536,0.2725506236690199,0.026448006131412915,0,0,0,0,1.106640783037713,0.34051022691178645,-0.4598993316408275,0,0,0,1,0,0,1,0
B0579,0,0,-1.1122656347696038,0.2996987994016853,0.5673733519786599,3.540831541632744,-0.3005307352896918,-0.6371547692394974,0.2758149210847338,1,0,0,0,4.248109844150829,-0.30595403270874094,-1.0905296265479143,0,0,0,1,0,0,1,0
B0580,1,0,-0.2747479437648171,-1.1275110527971863,0.621590008182964,-0.44525285578052365,-1.2493789921086491,0.2400611453508581,-0.9710196536818708,0,0,0,0,-0.4329900934484175,-0.545340493647889,-0.6923009378299905,0,0,1,0,0,0,0,1
B0581,1,0,-0.25717764255492664,-0.3405448726127613,-0.20973205361637023,0.39392280683279574,0.9997428018325832,0.01263479712372907,-1.2203865686351918,0,0,0,0,-0.6507156719414054,-0.2051597333659413,0.12240387795423095,1,0,0,0,0,0,0,1
B0582,1,0,-0.08440301399100206,2.8339966677922046,0.49508447703958725,0.16414851826010138,-0.8276686557446677,-0.08483363783075513,-0.47228582377522893,0,0,0,0,-1.0084076937513142,1.6720995732980264,-0.38290923476387273,0,1,0,0,0,0,0,1
B0583,1,0,0.021018793268341492,0.446421307571662,-0.07419041310560891,-0.8948112464662306,0.19146465713495306,-0.11732311614891576,0.7745487509913757,0,0,0,0,0.26684212313618744,0.18241505876451988,0.08855142998049459,0,0,0,1,0,0,0,1
B0584,1,0,-1.2176874420289474,-0.7273587577881571,-0.6253930845160369,0.6336872818651733,-0.581670959532346,-0.7671126825121423,-0.47228582377522893,0,0,0,0,-0.27747182309628193,-0.97975702009622,-1.2638142301394044,1,0,0,0,0,1,0,0
B0585,1,0,-0.6876500221972472,-0.6606667086199856,0.27821785222236944,-0.7549486360306774,-0.6168134875626771,-0.572175812603175,0.2758149210847338,0,0,0,0,0.04911654464319945,-0.8078544136828163,-0.8208771154440259,1,0,0,0,0,0,0,1
B0586,0,0,-0.025835343291366657,-0.6073130692854475,-0.7880430531289503,-0.4152822964014768,0.75374510562026,-1.0920074656937555,1.5226494958513386,0,0,0,0,-0.4796455745540573,-1.138404485774132,0.25520060144530277,0,1,0,0,0,0,0,1
B0587,0,0,0.5100588436102967,0.4064060780707594,0.043279008670383874,1.2630690288251627,0.3144635052411131,0.3375295803053423,1.2732825808980175,0,0,0,0,0.7022932801221644,0.5107559407332546,0.5852472890296544,0,0,1,0,0,0,0,1
B0588,0,0,-0.3860265180941247,0.23300675023351372,-0.8422597093332548,-1.2544579590147962,-1.389949104229976,-0.9620495524211106,0.026448006131412915,0,0,0,0,0.8267078964038715,-0.5914228188611207,-0.8311312069052814,0,1,0,0,0,0,0,1
B0589,1,0,-0.05804756217616679,0.03293060272899906,-0.39045424096405135,-0.8448603141678187,1.6147370423633882,0.4999769718961489,3.2682179005245846,0,0,0,0,0.1890829879601202,0.39028604186121035,0.5431812917752131,0,1,0,0,0,1,0,0
B0590,0,0,-1.1005521006296766,1.206710668088818,-0.06515430373822503,-0.8948112464662306,0.5077474094079383,-1.5468601621480147,0.5251818360380548,0,0,0,0,0.26684212313618744,-0.5531071776725912,-0.8412017963718824,0,1,0,0,0,0,0,1
B0591,1,0,-0.26303440962489066,0.2863603895680498,-0.10129874120776133,-0.3553411776433824,-1.6008042724119669,-0.14981259446707754,1.0239156659446966,0,0,0,0,-0.5729565367653382,0.05977048836555925,-0.8077457127065989,0,0,1,0,0,1,0,0
B0592,1,0,0.05615939568812239,0.17965311089897573,-0.5711764283117324,-0.9447621787646424,-0.2829594712745263,-0.5396863342850132,0.2758149210847338,0,0,0,0,0.34460125831225463,-0.3004655759979515,-0.05884104216534282,0,1,0,0,0,0,0,1
B0593,1,0,-0.0961165481309293,-0.3138680529454942,0.043279008670383874,-0.8148897547887718,0.5604612014534364,-0.2797705077397224,0.026448006131412915,0,0,0,0,0.14242750685448033,-0.3986019434745199,0.11724747190445801,0,0,1,0,0,0,0,1
B0594,0,0,0.10594191578281298,-0.1137919054409795,0.621590008182964,-0.11557670261100554,-0.24781694324419376,-0.7671126825121423,0.5251818360380548,0,0,0,0,-0.9462003856104606,-0.6367802535653807,-0.001687510910465293,0,0,0,1,0,0,0,1
